[{"model": "contenttypes.contenttype", "pk": 1, "fields": {"app_label": "admin", "model": "logentry"}}, {"model": "contenttypes.contenttype", "pk": 2, "fields": {"app_label": "auth", "model": "group"}}, {"model": "contenttypes.contenttype", "pk": 3, "fields": {"app_label": "auth", "model": "user"}}, {"model": "contenttypes.contenttype", "pk": 4, "fields": {"app_label": "auth", "model": "permission"}}, {"model": "contenttypes.contenttype", "pk": 5, "fields": {"app_label": "contenttypes", "model": "contenttype"}}, {"model": "contenttypes.contenttype", "pk": 6, "fields": {"app_label": "sessions", "model": "session"}}, {"model": "contenttypes.contenttype", "pk": 7, "fields": {"app_label": "app", "model": "dimertodrug"}}, {"model": "contenttypes.contenttype", "pk": 8, "fields": {"app_label": "app", "model": "pdbtoprotein"}}, {"model": "contenttypes.contenttype", "pk": 9, "fields": {"app_label": "app", "model": "dimer"}}, {"model": "contenttypes.contenttype", "pk": 10, "fields": {"app_label": "app", "model": "protein"}}, {"model": "contenttypes.contenttype", "pk": 11, "fields": {"app_label": "app", "model": "structure"}}, {"model": "contenttypes.contenttype", "pk": 12, "fields": {"app_label": "app", "model": "dimertoproteininteractor"}}, {"model": "contenttypes.contenttype", "pk": 13, "fields": {"app_label": "app", "model": "alternativename"}}, {"model": "contenttypes.contenttype", "pk": 14, "fields": {"app_label": "app", "model": "pdb"}}, {"model": "contenttypes.contenttype", "pk": 15, "fields": {"app_label": "app", "model": "proteininteractor"}}, {"model": "contenttypes.contenttype", "pk": 16, "fields": {"app_label": "app", "model": "monomer"}}, {"model": "contenttypes.contenttype", "pk": 17, "fields": {"app_label": "app", "model": "monomertostructure"}}, {"model": "contenttypes.contenttype", "pk": 18, "fields": {"app_label": "app", "model": "drug"}}, {"model": "app.monomer", "pk": 1, "fields": {"name": "alpha-1", "protein": 1, "ensg": "ENSG00000213949", "gene_name": "ITGA1", "subunit": "alpha", "alpha_interaction_domain": true, "length": 1179, "sequence": "MAPRPRARPGVAVACCWLLTVVLRCCVSFNVDVKNSMTFSGPVEDMFGYTVQQYENEEGKWVLIGSPLVGQPKNRTGDVYKCPVGRGESLPCVKLDLPVNTSIPNVTEVKENMTFGSTLVTNPNGGFLACGPLYAYRCGHLHYTTGICSDVSPTFQVVNSIAPVQECSTQLDIVIVLDGSNSIYPWDSVTAFLNDLLERMDIGPKQTQVGIVQYGENVTHEFNLNKYSSTEEVLVAAKKIVQRGGRQTMTALGIDTARKEAFTEARGARRGVKKVMVIVTDGESHDNHRLKKVIQDCEDENIQRFSIAILGSYNRGNLSTEKFVEEIKSIASEPTEKHFFNVSDELALVTIVKTLGERIFALEATADQSAASFEMEMSQTGFSAHYSQDWVMLGAVGAYDWNGTVVMQKASQIIIPRNTTFNVESTKKNEPLASYLGYTVNSATASSGDVLYIAGQPRYNHTGQVIIYRMEDGNIKILQTLSGEQIGSYFGSILTTTDIDKDSNTDILLVGAPMYMGTEKEEQGKVYVYALNQTRFEYQMSLEPIKQTCCSSRQHNSCTTENKNEPCGARFGTAIAAVKDLNLDGFNDIVIGAPLEDDHGGAVYIYHGSGKTIRKEYAQRIPSGGDGKTLKFFGQSIHGEMDLNGDGLTDVTIGGLGGAALFWSRDVAVVKVTMNFEPNKVNIQKKNCHMEGKETVCINATVCFDVKLKSKEDTIYEADLQYRVTLDSLRQISRSFFSGTQERKVQRNITVRKSECTKHSFYMLDKHDFQDSVRITLDFNLTDPENGPVLDDSLPNSVHEYIPFAKDCGNKEKCISDLSLHVATTEKDLLIVRSQNDKFNVSLTVKNTKDSAYNTRTIVHYSPNLVFSGIEAIQKDSCESNHNITCKVGYPFLRRGEMVTFKILFQFNTSYLMENVTIYLSATSDSEEPPETLSDNVVNISIPVKYEVGLQFYSSASEYHISIAANETVPEVINSTEDIGNEINIFYLIRKSGSFPMPELKLSISFPNMTSNGYPVLYPTGLSSSENANCRPHIFEDPFSINSGKKMTTSTDHLKRGTILDCNTCKFATITCNLTSSDISQVNVSLILWKPTFIKSYFSSLNLTIRGELRSENASLVLSSSNQKRELAIQISKDGLPGRVPLWVILLSAFAGLLLLMLLILALWKIGFFKRPLKKKMEK", "expression": "Cytoplasmic expression in most tissues. (https://www.proteinatlas.org/ENSG00000213949)", "notes": ""}}, {"model": "app.monomer", "pk": 2, "fields": {"name": "alpha-2", "protein": 2, "ensg": "ENSG00000164171", "gene_name": "ITGA2", "subunit": "alpha", "alpha_interaction_domain": true, "length": 1181, "sequence": "MGPERTGAAPLPLLLVLALSQGILNCCLAYNVGLPEAKIFSGPSSEQFGYAVQQFINPKGNWLLVGSPWSGFPENRMGDVYKCPVDLSTATCEKLNLQTSTSIPNVTEMKTNMSLGLILTRNMGTGGFLTCGPLWAQQCGNQYYTTGVCSDISPDFQLSASFSPATQPCPSLIDVVVVCDESNSIYPWDAVKNFLEKFVQGLDIGPTKTQVGLIQYANNPRVVFNLNTYKTKEEMIVATSQTSQYGGDLTNTFGAIQYARKYAYSAASGGRRSATKVMVVVTDGESHDGSMLKAVIDQCNHDNILRFGIAVLGYLNRNALDTKNLIKEIKAIASIPTERYFFNVSDEAALLEKAGTLGEQIFSIEGTVQGGDNFQMEMSQVGFSADYSSQNDILMLGAVGAFGWSGTIVQKTSHGHLIFPKQAFDQILQDRNHSSYLGYSVAAISTGESTHFVAGAPRANYTGQIVLYSVNENGNITVIQAHRGDQIGSYFGSVLCSVDVDKDTITDVLLVGAPMYMSDLKKEEGRVYLFTIKKGILGQHQFLEGPEGIENTRFGSAIAALSDINMDGFNDVIVGSPLENQNSGAVYIYNGHQGTIRTKYSQKILGSDGAFRSHLQYFGRSLDGYGDLNGDSITDVSIGAFGQVVQLWSQSIADVAIEASFTPEKITLVNKNAQIILKLCFSAKFRPTKQNNQVAIVYNITLDADGFSSRVTSRGLFKENNERCLQKNMVVNQAQSCPEHIIYIQEPSDVVNSLDLRVDISLENPGTSPALEAYSETAKVFSIPFHKDCGEDGLCISDLVLDVRQIPAAQEQPFIVSNQNKRLTFSVTLKNKRESAYNTGIVVDFSENLFFASFSLPVDGTEVTCQVAASQKSVACDVGYPALKREQQVTFTINFDFNLQNLQNQASLSFQALSESQEENKADNLVNLKIPLLYDAEIHLTRSTNINFYEISSDGNVPSIVHSFEDVGPKFIFSLKVTTGSVPVSMATVIIHIPQYTKEKNPLMYLTGVQTDKAGDISCNADINPLKIGQTSSSVSFKSENFRHTKELNCRTASCSNVTCWLKDVHMKGEYFVNVTTRIWNGTFASSTFQTVQLTAAAEINTYNPEIYVIEDNTVTIPLMIMKPDEKAEVPTGVIIGSIIAGILLLLALVAILWKLGFFKRKYEKMTKNPDEIDETTELSS", "expression": "Cell membrane expression in several tissues. (https://www.proteinatlas.org/ENSG00000164171)", "notes": ""}}, {"model": "app.monomer", "pk": 3, "fields": {"name": "alpha-3", "protein": 3, "ensg": "ENSG00000005884", "gene_name": "ITGA3", "subunit": "alpha", "alpha_interaction_domain": false, "length": 1051, "sequence": "MGPGPSRAPRAPRLMLCALALMVAAGGCVVSAFNLDTRFLVVKEAGNPGSLFGYSVALHRQTERQQRYLLLAGAPRELAVPDGYTNRTGAVYLCPLTAHKDDCERMNITVKNDPGHHIIEDMWLGVTVASQGPAGRVLVCAHRYTQVLWSGSEDQRRMVGKCYVRGNDLELDSSDDWQTYHNEMCNSNTDYLETGMCQLGTSGGFTQNTVYFGAPGAYNWKGNSYMIQRKEWDLSEYSYKDPEDQGNLYIGYTMQVGSFILHPKNITIVTGAPRHRHMGAVFLLSQEAGGDLRRRQVLEGSQVGAYFGSAIALADLNNDGWQDLLVGAPYYFERKEEVGGAIYVFMNQAGTSFPAHPSLLLHGPSGSAFGLSVASIGDINQDGFQDIAVGAPFEGLGKVYIYHSSSKGLLRQPQQVIHGEKLGLPGLATFGYSLSGQMDVDENFYPDLLVGSLSDHIVLLRARPVINIVHKTLVPRPAVLDPALCTATSCVQVELCFAYNQSAGNPNYRRNITLAYTLEADRDRRPPRLRFAGSESAVFHGFFSMPEMRCQKLELLLMDNLRDKLRPIIISMNYSLPLRMPDRPRLGLRSLDAYPILNQAQALENHTEVQFQKECGPDNKCESNLQMRAAFVSEQQQKLSRLQYSRDVRKLLLSINVTNTRTSERSGEDAHEALLTLVVPPALLLSSVRPPGACQANETIFCELGNPFKRNQRMELLIAFEVIGVTLHTRDLQVQLQLSTSSHQDNLWPMILTLLVDYTLQTSLSMVNHRLQSFFGGTVMGESGMKTVEDVGSPLKYEFQVGPMGEGLVGLGTLVLGLEWPYEVSNGKWLLYPTEITVHGNGSWPCRPPGDLINPLNLTLSDPGDRPSSPQRRRRQLDPGGGQGPPPVTLAAAKKAKSETVLTCATGRAHCVWLECPIPDAPVVTNVTVKARVWNSTFIEDYRDFDRVRVNGWATLFLRTSIPTINMENKTTWFSVDIDSELVEELPAEIELWLVLVAVGAGLLLLGLIILLLWKCGFFKRARTRALYEAKRQKAEMKSQPSETERLTDDY", "expression": "Membranous expression in epithelial cells. (https://www.proteinatlas.org/ENSG00000005884)", "notes": ""}}, {"model": "app.monomer", "pk": 4, "fields": {"name": "alpha-4", "protein": 4, "ensg": "ENSG00000115232", "gene_name": "ITGA4", "subunit": "alpha", "alpha_interaction_domain": false, "length": 1032, "sequence": "MAWEARREPGPRRAAVRETVMLLLCLGVPTGRPYNVDTESALLYQGPHNTLFGYSVVLHSHGANRWLLVGAPTANWLANASVINPGAIYRCRIGKNPGQTCEQLQLGSPNGEPCGKTCLEERDNQWLGVTLSRQPGENGSIVTCGHRWKNIFYIKNENKLPTGGCYGVPPDLRTELSKRIAPCYQDYVKKFGENFASCQAGISSFYTKDLIVMGAPGSSYWTGSLFVYNITTNKYKAFLDKQNQVKFGSYLGYSVGAGHFRSQHTTEVVGGAPQHEQIGKAYIFSIDEKELNILHEMKGKKLGSYFGASVCAVDLNADGFSDLLVGAPMQSTIREEGRVFVYINSGSGAVMNAMETNLVGSDKYAARFGESIVNLGDIDNDGFEDVAIGAPQEDDLQGAIYIYNGRADGISSTFSQRIEGLQISKSLSMFGQSISGQIDADNNGYVDVAVGAFRSDSAVLLRTRPVVIVDASLSHPESVNRTKFDCVENGWPSVCIDLTLCFSYKGKEVPGYIVLFYNMSLDVNRKAESPPRFYFSSNGTSDVITGSIQVSSREANCRTHQAFMRKDVRDILTPIQIEAAYHLGPHVISKRSTEEFPPLQPILQQKKEKDIMKKTINFARFCAHENCSADLQVSAKIGFLKPHENKTYLAVGSMKTLMLNVSLFNAGDDAYETTLHVKLPVGLYFIKILELEEKQINCEVTDNSGVVQLDCSIGYIYVDHLSRIDISFLLDVSSLSRAEEDLSITVHATCENEEEMDNLKHSRVTVAIPLKYEVKLTVHGFVNPTSFVYGSNDENEPETCMVEKMNLTFHVINTGNSMAPNVSVEIMVPNSFSPQTDKLFNILDVQTTTGECHFENYQRVCALEQQKSAMQTLKGIVRFLSKTDKRLLYCIKADPHCLNFLCNFGKMESGKEASVHIQLEGRPSILEMDETSALKFEIRATGFPEPNPRVIELNKDENVAHVLLEGLHHQRPKRYFTIVIISSSLLLGLIVLLLISYVMWKAGFFKRQYKSILQEENRRDSWSYINSKSNDD", "expression": "No protein expression data available. (https://www.proteinatlas.org/ENSG00000115232)", "notes": ""}}, {"model": "app.monomer", "pk": 5, "fields": {"name": "alpha-5", "protein": 5, "ensg": "ENSG00000161638", "gene_name": "ITGA5", "subunit": "alpha", "alpha_interaction_domain": false, "length": 1049, "sequence": "MGSRTPESPLHAVQLRWGPRRRPPLLPLLLLLLPPPPRVGGFNLDAEAPAVLSGPPGSFFGFSVEFYRPGTDGVSVLVGAPKANTSQPGVLQGGAVYLCPWGASPTQCTPIEFDSKGSRLLESSLSSSEGEEPVEYKSLQWFGATVRAHGSSILACAPLYSWRTEKEPLSDPVGTCYLSTDNFTRILEYAPCRSDFSWAAGQGYCQGGFSAEFTKTGRVVLGGPGSYFWQGQILSATQEQIAESYYPEYLINLVQGQLQTRQASSIYDDSYLGYSVAVGEFSGDDTEDFVAGVPKGNLTYGYVTILNGSDIRSLYNFSGEQMASYFGYAVAATDVNGDGLDDLLVGAPLLMDRTPDGRPQEVGRVYVYLQHPAGIEPTPTLTLTGHDEFGRFGSSLTPLGDLDQDGYNDVAIGAPFGGETQQGVVFVFPGGPGGLGSKPSQVLQPLWAASHTPDFFGSALRGGRDLDGNGYPDLIVGSFGVDKAVVYRGRPIVSASASLTIFPAMFNPEERSCSLEGNPVACINLSFCLNASGKHVADSIGFTVELQLDWQKQKGGVRRALFLASRQATLTQTLLIQNGAREDCREMKIYLRNESEFRDKLSPIHIALNFSLDPQAPVDSHGLRPALHYQSKSRIEDKAQILLDCGEDNICVPDLQLEVFGEQNHVYLGDKNALNLTFHAQNVGEGGAYEAELRVTAPPEAEYSGLVRHPGNFSSLSCDYFAVNQSRLLVCDLGNPMKAGASLWGGLRFTVPHLRDTKKTIQFDFQILSKNLNNSQSDVVSFRLSVEAQAQVTLNGVSKPEAVLFPVSDWHPRDQPQKEEDLGPAVHHVYELINQGPSSISQGVLELSCPQALEGQQLLYVTRVTGLNCTTNHPINPKGLELDPEGSLHHQQKREAPSRSSASSGPQILKCPEAECFRLRCELGPLHQQESQSLQLHFRVWAKTFLQREHQPFSLQCEAVYKALKMPYRILPRQLPQKERQVATAVQWTKAEGSYGVPLWIIILAILFGLLLLGLLIYILYKLGFFKRSLPYGTAMEKAQLKPPATSDA", "expression": "Selective membranous expression in smooth muscle and trophoblastic cells in placenta. (https://www.proteinatlas.org/ENSG00000161638)", "notes": ""}}, {"model": "app.monomer", "pk": 6, "fields": {"name": "alpha-6", "protein": 6, "ensg": "ENSG00000091409", "gene_name": "ITGA6", "subunit": "alpha", "alpha_interaction_domain": false, "length": 1130, "sequence": "MAAAGQLCLLYLSAGLLSRLGAAFNLDTREDNVIRKYGDPGSLFGFSLAMHWQLQPEDKRLLLVGAPRAEALPLQRANRTGGLYSCDITARGPCTRIEFDNDADPTSESKEDQWMGVTVQSQGPGGKVVTCAHRYEKRQHVNTKQESRDIFGRCYVLSQNLRIEDDMDGGDWSFCDGRLRGHEKFGSCQQGVAATFTKDFHYIVFGAPGTYNWKGIVRVEQKNNTFFDMNIFEDGPYEVGGETEHDESLVPVPANSYLGLLFLTSVSYTDPDQFVYKTRPPREQPDTFPDVMMNSYLGFSLDSGKGIVSKDEITFVSGAPRANHSGAVVLLKRDMKSAHLLPEHIFDGEGLASSFGYDVAVVDLNKDGWQDIVIGAPQYFDRDGEVGGAVYVYMNQQGRWNNVKPIRLNGTKDSMFGIAVKNIGDINQDGYPDIAVGAPYDDLGKVFIYHGSANGINTKPTQVLKGISPYFGYSIAGNMDLDRNSYPDVAVGSLSDSVTIFRSRPVINIQKTITVTPNRIDLRQKTACGAPSGICLQVKSCFEYTANPAGYNPSISIVGTLEAEKERRKSGLSSRVQFRNQGSEPKYTQELTLKRQKQKVCMEETLWLQDNIRDKLRPIPITASVEIQEPSSRRRVNSLPEVLPILNSDEPKTAHIDVHFLKEGCGDDNVCNSNLKLEYKFCTREGNQDKFSYLPIQKGVPELVLKDQKDIALEITVTNSPSNPRNPTKDGDDAHEAKLIATFPDTLTYSAYRELRAFPEKQLSCVANQNGSQADCELGNPFKRNSNVTFYLVLSTTEVTFDTPDLDINLKLETTSNQDNLAPITAKAKVVIELLLSVSGVAKPSQVYFGGTVVGEQAMKSEDEVGSLIEYEFRVINLGKPLTNLGTATLNIQWPKEISNGKWLLYLVKVESKGLEKVTCEPQKEINSLNLTESHNSRKKREITEKQIDDNRKFSLFAERKYQTLNCSVNVNCVNIRCPLRGLDSKASLILRSRLWNSTFLEEYSKLNYLDILMRAFIDVTAAAENIRLPNAGTQVRVTVFPSKTVAQYSGVPWWIILVAILAGILMLALLVFILWKCGFFKRSRYDDSVPRYHAVRIRKEEREIKDEKYIDNLEKKQWITKWNENESYS", "expression": "Membranous expression in solid tissues, most abundant in basal membranes. (https://www.proteinatlas.org/ENSG00000091409)", "notes": ""}}, {"model": "app.monomer", "pk": 7, "fields": {"name": "alpha-7", "protein": 7, "ensg": "ENSG00000135424", "gene_name": "ITGA7", "subunit": "alpha", "alpha_interaction_domain": false, "length": 1181, "sequence": "MAGARSRDPWGASGICYLFGSLLVELLFSRAVAFNLDVMGALRKEGEPGSLFGFSVALHRQLQPRPQSWLLVGAPQALALPGQQANRTGGLFACPLSLEETDCYRVDIDQGADMQKESKENQWLGVSVRSQGPGGKIVTCAHRYEARQRVDQILETRDMIGRCFVLSQDLAIRDELDGGEWKFCEGRPQGHEQFGFCQQGTAAAFSPDSHYLLFGAPGTYNWKGTARVELCAQGSADLAHLDDGPYEAGGEKEQDPRLIPVPANSYFGLLFVTNIDSSDPDQLVYKTLDPADRLPGPAGDLALNSYLGFSIDSGKGLVRAEELSFVAGAPRANHKGAVVILRKDSASRLVPEVMLSGERLTSGFGYSLAVADLNSDGWPDLIVGAPYFFERQEELGGAVYVYLNQGGHWAGISPLRLCGSPDSMFGISLAVLGDLNQDGFPDIAVGAPFDGDGKVFIYHGSSLGVVAKPSQVLEGEAVGIKSFGYSLSGSLDMDGNQYPDLLVGSLADTAVLFRARPILHVSHEVSIAPRSIDLEQPNCAGGHSVCVDLRVCFSYIAVPSSYSPTVALDYVLDADTDRRLRGQVPRVTFLSRNLEEPKHQASGTVWLKHQHDRVCGDAMFQLQENVKDKLRAIVVTLSYSLQTPRLRRQAPGQGLPPVAPILNAHQPSTQRAEIHFLKQGCGEDKICQSNLQLVRARFCTRVSDTEFQPLPMDVDGTTALFALSGQPVIGLELMVTNLPSDPAQPQADGDDAHEAQLLVMLPDSLHYSGVRALDPAEKPLCLSNENASHVECELGNPMKRGAQVTFYLILSTSGISIETTELEVELLLATISEQELHPVSARARVFIELPLSIAGMAIPQQLFFSGVVRGERAMQSERDVGSKVKYEVTVSNQGQSLRTLGSAFLNIMWPHEIANGKWLLYPMQVELEGGQGPGQKGLCSPRPNILHLDVDSRDRRRRELEPPEQQEPGERQEPSMSWWPVSSAEKKKNITLDCARGTANCVVFSCPLYSFDRAAVLHVWGRLWNSTFLEEYSAVKSLEVIVRANITVKSSIKNLMLRDASTVIPVMVYLDPMAVVAEGVPWWVILLAVLAGLLVLALLVLLLWKMGFFKRAKHPEATVPQYHAVKIPREDRQQFKEEKTGTILRNNWGSPRREGPDAHPILAADGHPELGPDGHPGPGTA", "expression": "Cytoplasmic expression in several tissues. (https://www.proteinatlas.org/ENSG00000135424)", "notes": ""}}, {"model": "app.monomer", "pk": 8, "fields": {"name": "alpha-8", "protein": 8, "ensg": "ENSG00000077943", "gene_name": "ITGA8", "subunit": "alpha", "alpha_interaction_domain": false, "length": 1063, "sequence": "MSPGASRGPRGSQAPLIAPLCCAAAALGMLLWSPACQAFNLDVEKLTVYSGPKGSYFGYAVDFHIPDARTASVLVGAPKANTSQPDIVEGGAVYYCPWPAEGSAQCRQIPFDTTNNRKIRVNGTKEPIEFKSNQWFGATVKAHKGKVVACAPLYHWRTLKPTPEKDPVGTCYVAIQNFSAYAEFSPCRNSNADPEGQGYCQAGFSLDFYKNGDLIVGGPGSFYWQGQVITASVADIIANYSFKDILRKLAGEKQTEVAPASYDDSYLGYSVAAGEFTGDSQQELVAGIPRGAQNFGYVSIINSTDMTFIQNFTGEQMASYFGYTVVVSDVNSDGLDDVLVGAPLFMEREFESNPREVGQIYLYLQVSSLLFRDPQILTGTETFGRFGSAMAHLGDLNQDGYNDIAIGVPFAGKDQRGKVLIYNGNKDGLNTKPSQVLQGVWASHAVPSGFGFTLRGDSDIDKNDYPDLIVGAFGTGKVAVYRARPVVTVDAQLLLHPMIINLENKTCQVPDSMTSAACFSLRVCASVTGQSIANTIVLMAEVQLDSLKQKGAIKRTLFLDNHQAHRVFPLVIKRQKSHQCQDFIVYLRDETEFRDKLSPINISLNYSLDESTFKEGLEVKPILNYYRENIVSEQAHILVDCGEDNLCVPDLKLSARPDKHQVIIGDENHLMLIINARNEGEGAYEAELFVMIPEEADYVGIERNNKGFRPLSCEYKMENVTRMVVCDLGNPMVSGTNYSLGLRFAVPRLEKTNMSINFDLQIRSSNKDNPDSNFVSLQINITAVAQVEIRGVSHPPQIVLPIHNWEPEEEPHKEEEVGPLVEHIYELHNIGPSTISDTILEVGWPFSARDEFLLYIFHIQTLGPLQCQPNPNINPQDIKPAASPEDTPELSAFLRNSTIPHLVRKRDVHVVEFHRQSPAKILNCTNIECLQISCAVGRLEGGESAVLKVRSRLWAHTFLQRKNDPYALASLVSFEVKKMPYTDQPAKLPEGSIVIKTSVIWATPNVSFSIPLWVIILAILLGLLVLAILTLALWKCGFFDRARPPQEDMTDREQLTNDKTPEA", "expression": "Cytoplasmic expression mainly in vessels. (https://www.proteinatlas.org/ENSG00000077943)", "notes": ""}}, {"model": "app.monomer", "pk": 9, "fields": {"name": "alpha-9", "protein": 9, "ensg": "ENSG00000144668", "gene_name": "ITGA9", "subunit": "alpha", "alpha_interaction_domain": false, "length": 1035, "sequence": "MGGPAAPRGAGRLRALLLALVVAGIPAGAYNLDPQRPVHFQGPADSFFGYAVLEHFHDNTRWVLVGAPKADSKYSPSVKSPGAVFKCRVHTNPDRRCTELDMARGKNRGTSCGKTCREDRDDEWMGVSLARQPKADGRVLACAHRWKNIYYEADHILPHGFCYIIPSNLQAKGRTLIPCYEEYKKKYGEEHGSCQAGIAGFFTEELVVMGAPGSFYWAGTIKVLNLTDNTYLKLNDEVIMNRRYTYLGYAVTAGHFSHPSTIDVVGGAPQDKGIGKVYIFRADRRSGTLIKIFQASGKKMGSYFGSSLCAVDLNGDGLSDLLVGAPMFSEIRDEGQVTVYINRGNGALEEQLALTGDGAYNAHFGESIASLDDLDNDGFPDVAIGAPKEDDFAGAVYIYHGDAGGIVPQYSMKLSGQKINPVLRMFGQSISGGIDMDGNGYPDVTVGAFMSDSVVLLRARPVITVDVSIFLPGSINITAPQCHDGQQPVNCLNVTTCFSFHGKHVPGEIGLNYVLMADVAKKEKGQMPRVYFVLLGETMGQVTEKLQLTYMEETCRHYVAHVKRRVQDVISPIVFEAAYSLSEHVTGEEERELPPLTPVLRWKKGQKIAQKNQTVFERNCRSEDCAADLQLQGKLLLSSMDEKTLYLALGAVKNISLNISISNLGDDAYDANVSFNVSRELFFINMWQKEEMGISCELLESDFLKCSVGFPFMRSKSKYEFSVIFDTSHLSGEEEVLSFIVTAQSGNTERSESLHDNTLVLMVPLMHEVDTSITGIMSPTSFVYGESVDAANFIQLDDLECHFQPINITLQVYNTGPSTLPGSSVSISFPNRLSSGGAEMFHVQEMVVGQEKGNCSFQKNPTPCIIPQEQENIFHTIFAFFTKSGRKVLDCEKPGISCLTAHCNFSALAKEESRTIDIYMLLNTEILKKDSSSVIQFMSRAKVKVDPALRVVEIAHGNPEEVTVVFEALHNLEPRGYVVGWIIAISLLVGILIFLLLAVLLWKMGFFRRRYKEIIEAEKNRKENEDSWDWVQKNQ", "expression": "Selective membranous expression, most abundant in squamous epithelial cells. (https://www.proteinatlas.org/ENSG00000144668)", "notes": ""}}, {"model": "app.monomer", "pk": 10, "fields": {"name": "alpha-10", "protein": 10, "ensg": "ENSG00000143127", "gene_name": "ITGA10", "subunit": "alpha", "alpha_interaction_domain": true, "length": 1167, "sequence": "MELPFVTHLFLPLVFLTGLCSPFNLDEHHPRLFPGPPEAEFGYSVLQHVGGGQRWMLVGAPWDGPSGDRRGDVYRCPVGGAHNAPCAKGHLGDYQLGNSSHPAVNMHLGMSLLETDGDGGFMACAPLWSRACGSSVFSSGICARVDASFQPQGSLAPTAQRCPTYMDVVIVLDGSNSIYPWSEVQTFLRRLVGKLFIDPEQIQVGLVQYGESPVHEWSLGDFRTKEEVVRAAKNLSRREGRETKTAQAIMVACTEGFSQSHGGRPEAARLLVVVTDGESHDGEELPAALKACEAGRVTRYGIAVLGHYLRRQRDPSSFLREIRTIASDPDERFFFNVTDEAALTDIVDALGDRIFGLEGSHAENESSFGLEMSQIGFSTHRLKDGILFGMVGAYDWGGSVLWLEGGHRLFPPRMALEDEFPPALQNHAAYLGYSVSSMLLRGGRRLFLSGAPRFRHRGKVIAFQLKKDGAVRVAQSLQGEQIGSYFGSELCPLDTDRDGTTDVLLVAAPMFLGPQNKETGRVYVYLVGQQSLLTLQGTLQPEPPQDARFGFAMGALPDLNQDGFADVAVGAPLEDGHQGALYLYHGTQSGVRPHPAQRIAAASMPHALSYFGRSVDGRLDLDGDDLVDVAVGAQGAAILLSSRPIVHLTPSLEVTPQAISVVQRDCRRRGQEAVCLTAALCFQVTSRTPGRWDHQFYMRFTASLDEWTAGARAAFDGSGQRLSPRRLRLSVGNVTCEQLHFHVLDTSDYLRPVALTVTFALDNTTKPGPVLNEGSPTSIQKLVPFSKDCGPDNECVTDLVLQVNMDIRGSRKAPFVVRGGRRKVLVSTTLENRKENAYNTSLSLIFSRNLHLASLTPQRESPIKVECAAPSAHARLCSVGHPVFQTGAKVTFLLEFEFSCSSLLSQVFVKLTASSDSLERNGTLQDNTAQTSAYIQYEPHLLFSSESTLHRYEVHPYGTLPVGPGPEFKTTLRVQNLGCYVVSGLIISALLPAVAHGGNYFLSLSQVITNNASCIVQNLTEPPGPPVHPEELQHTNRLNGSNTQCQVVRCHLGQLAKGTEVSVGLLRLVHNEFFRRAKFKSLTVVSTFELGTEEGSVLQLTEASRWSESLLEVVQTRPILISLWILIGSVLGGLLLLALLVFCLWKLGFFAHKKIPEEEKREEKLEQ", "expression": "No protein expression data available. (https://www.proteinatlas.org/ENSG00000143127)", "notes": ""}}, {"model": "app.monomer", "pk": 11, "fields": {"name": "alpha-11", "protein": 11, "ensg": "ENSG00000137809", "gene_name": "ITGA11", "subunit": "alpha", "alpha_interaction_domain": true, "length": 1188, "sequence": "MDLPRGLVVAWALSLWPGFTDTFNMDTRKPRVIPGSRTAFFGYTVQQHDISGNKWLVVGAPLETNGYQKTGDVYKCPVIHGNCTKLNLGRVTLSNVSERKDNMRLGLSLATNPKDNSFLACSPLWSHECGSSYYTTGMCSRVNSNFRFSKTVAPALQRCQTYMDIVIVLDGSNSIYPWVEVQHFLINILKKFYIGPGQIQVGVVQYGEDVVHEFHLNDYRSVKDVVEAASHIEQRGGTETRTAFGIEFARSEAFQKGGRKGAKKVMIVITDGESHDSPDLEKVIQQSERDNVTRYAVAVLGYYNRRGINPETFLNEIKYIASDPDDKHFFNVTDEAALKDIVDALGDRIFSLEGTNKNETSFGLEMSQTGFSSHVVEDGVLLGAVGAYDWNGAVLKETSAGKVIPLRESYLKEFPEELKNHGAYLGYTVTSVVSSRQGRVYVAGAPRFNHTGKVILFTMHNNRSLTIHQAMRGQQIGSYFGSEITSVDIDGDGVTDVLLVGAPMYFNEGRERGKVYVYELRQNLFVYNGTLKDSHSYQNARFGSSIASVRDLNQDSYNDVVVGAPLEDNHAGAIYIFHGFRGSILKTPKQRITASELATGLQYFGCSIHGQLDLNEDGLIDLAVGALGNAVILWSRPVVQINASLHFEPSKINIFHRDCKRSGRDATCLAAFLCFTPIFLAPHFQTTTVGIRYNATMDERRYTPRAHLDEGGDRFTNRAVLLSSGQELCERINFHVLDTADYVKPVTFSVEYSLEDPDHGPMLDDGWPTTLRVSVPFWNGCNEDEHCVPDLVLDARSDLPTAMEYCQRVLRKPAQDCSAYTLSFDTTVFIIESTRQRVAVEATLENRGENAYSTVLNISQSANLQFASLIQKEDSDGSIECVNEERRLQKQVCNVSYPFFRAKAKVAFRLDFEFSKSIFLHHLEIELAAGSDSNERDSTKEDNVAPLRFHLKYEADVLFTRSSSLSHYEVKPNSSLERYDGIGPPFSCIFRIQNLGLFPIHGMMMKITIPIATRSGNRLLKLRDFLTDEANTSCNIWGNSTEYRPTPVEEDLRRAPQLNHSNSDVVSINCNIRLVPNQEINFHLLGNLWLRSLKALKYKSMKIMVNAALQRQFHSPFIFREEDPSRQIVFEISKQEDWQVPIWIIVGSTLGGLLLLALLVLALWKLGFFRSARRRREPGLDPTPKVLE", "expression": "Cytoplasmic expression in most tissues. (https://www.proteinatlas.org/ENSG00000137809)", "notes": ""}}, {"model": "app.monomer", "pk": 12, "fields": {"name": "alpha-D", "protein": 12, "ensg": "ENSG00000156886", "gene_name": "ITGAD", "subunit": "alpha", "alpha_interaction_domain": true, "length": 1161, "sequence": "MTFGTVLLLSVLASYHGFNLDVEEPTIFQEDAGGFGQSVVQFGGSRLVVGAPLEVVAANQTGRLYDCAAATGMCQPIPLHIRPEAVNMSLGLTLAASTNGSRLLACGPTLHRVCGENSYSKGSCLLLGSRWEIIQTVPDATPECPHQEMDIVFLIDGSGSIDQNDFNQMKGFVQAVMGQFEGTDTLFALMQYSNLLKIHFTFTQFRTSPSQQSLVDPIVQLKGLTFTATGILTVVTQLFHHKNGARKSAKKILIVITDGQKYKDPLEYSDVIPQAEKAGIIRYAIGVGHAFQGPTARQELNTISSAPPQDHVFKVDNFAALGSIQKQLQEKIYAVEGTQSRASSSFQHEMSQEGFSTALTMDGLFLGAVGSFSWSGGAFLYPPNMSPTFINMSQENVDMRDSYLGYSTELALWKGVQNLVLGAPRYQHTGKAVIFTQVSRQWRKKAEVTGTQIGSYFGASLCSVDVDSDGSTDLILIGAPHYYEQTRGGQVSVCPLPRGRVQWQCDAVLRGEQGHPWGRFGAALTVLGDVNEDKLIDVAIGAPGEQENRGAVYLFHGASESGISPSHSQRIASSQLSPRLQYFGQALSGGQDLTQDGLMDLAVGARGQVLLLRSLPVLKVGVAMRFSPVEVAKAVYRCWEEKPSALEAGDATVCLTIQKSSLDQLGDIQSSVRFDLALDPGRLTSRAIFNETKNPTLTRRKTLGLGIHCETLKLLLPDCVEDVVSPIILHLNFSLVREPIPSPQNLRPVLAVGSQDLFTASLPFEKNCGQDGLCEGDLGVTLSFSGLQTLTVGSSLELNVIVTVWNAGEDSYGTVVSLYYPAGLSHRRVSGAQKQPHQSALRLACETVPTEDEGLRSSRCSVNHPIFHEGSNGTFIVTFDVSYKATLGDRMLMRASASSENNKASSSKATFQLELPVKYAVYTMISRQEESTKYFNFATSDEKKMKEAEHRYRVNNLSQRDLAISINFWVPVLLNGVAVWDVVMEAPSQSLPCVSERKPPQHSDFLTQISRSPMLDCSIADCLQFRCDVPSFSVQEELDFTLKGNLSFGWVRETLQKKVLVVSVAEITFDTSVYSQLPGQEAFMRAQMEMVLEEDEVYNAIPIIMGSSVGALLLLALITATLYKLGFFKRHYKEMLEDKPEDTATFSGDDFSCVAPNVPLS", "expression": "Estimation of protein expression could not be performed. View primary data. (https://www.proteinatlas.org/ENSG00000156886)", "notes": ""}}, {"model": "app.monomer", "pk": 13, "fields": {"name": "alpha-E", "protein": 13, "ensg": "ENSG00000083457", "gene_name": "ITGAE", "subunit": "alpha", "alpha_interaction_domain": true, "length": 1179, "sequence": "MWLFHTLLCIASLALLAAFNVDVARPWLTPKGGAPFVLSSLLHQDPSTNQTWLLVTSPRTKRTPGPLHRCSLVQDEILCHPVEHVPIPKGRHRGVTVVRSHHGVLICIQVLVRRPHSLSSELTGTCSLLGPDLRPQAQANFFDLENLLDPDARVDTGDCYSNKEGGGEDDVNTARQRRALEKEEEEDKEEEEDEEEEEAGTEIAIILDGSGSIDPPDFQRAKDFISNMMRNFYEKCFECNFALVQYGGVIQTEFDLRDSQDVMASLARVQNITQVGSVTKTASAMQHVLDSIFTSSHGSRRKASKVMVVLTDGGIFEDPLNLTTVINSPKMQGVERFAIGVGEEFKSARTARELNLIASDPDETHAFKVTNYMALDGLLSKLRYNIISMEGTVGDALHYQLAQIGFSAQILDERQVLLGAVGAFDWSGGALLYDTRSRRGRFLNQTAAAAADAEAAQYSYLGYAVAVLHKTCSLSYIAGAPRYKHHGAVFELQKEGREASFLPVLEGEQMGSYFGSELCPVDIDMDGSTDFLLVAAPFYHVHGEEGRVYVYRLSEQDGSFSLARILSGHPGFTNARFGFAMAAMGDLSQDKLTDVAIGAPLEGFGADDGASFGSVYIYNGHWDGLSASPSQRIRASTVAPGLQYFGMSMAGGFDISGDGLADITVGTLGQAVVFRSRPVVRLKVSMAFTPSALPIGFNGVVNVRLCFEISSVTTASESGLREALLNFTLDVDVGKQRRRLQCSDVRSCLGCLREWSSGSQLCEDLLLMPTEGELCEEDCFSNASVKVSYQLQTPEGQTDHPQPILDRYTEPFAIFQLPYEKACKNKLFCVAELQLATTVSQQELVVGLTKELTLNINLTNSGEDSYMTSMALNYPRNLQLKRMQKPPSPNIQCDDPQPVASVLIMNCRIGHPVLKRSSAHVSVVWQLEENAFPNRTADITVTVTNSNERRSLANETHTLQFRHGFVAVLSKPSIMYVNTGQGLSHHKEFLFHVHGENLFGAEYQLQICVPTKLRGLQVVAVKKLTRTQASTVCTWSQERACAYSSVQHVEEWHSVSCVIASDKENVTVAAEISWDHSEELLKDVTELQILGEISFNKSLYEGLNAENHRTKITVVFLKDEKYHSLPIIIKGSVGGLLVLIVILVILFKCGFFKRKYQQLNLESIRKAQLKSENLLEEEN", "expression": "Distinct cytoplasmic expression in intraepithelial lymphocytes. (https://www.proteinatlas.org/ENSG00000083457)", "notes": ""}}, {"model": "app.monomer", "pk": 14, "fields": {"name": "alpha-L", "protein": 14, "ensg": "ENSG00000005844", "gene_name": "ITGAL", "subunit": "alpha", "alpha_interaction_domain": true, "length": 1170, "sequence": "MKDSCITVMAMALLSGFFFFAPASSYNLDVRGARSFSPPRAGRHFGYRVLQVGNGVIVGAPGEGNSTGSLYQCQSGTGHCLPVTLRGSNYTSKYLGMTLATDPTDGSILACDPGLSRTCDQNTYLSGLCYLFRQNLQGPMLQGRPGFQECIKGNVDLVFLFDGSMSLQPDEFQKILDFMKDVMKKLSNTSYQFAAVQFSTSYKTEFDFSDYVKRKDPDALLKHVKHMLLLTNTFGAINYVATEVFREELGARPDATKVLIIITDGEATDSGNIDAAKDIIRYIIGIGKHFQTKESQETLHKFASKPASEFVKILDTFEKLKDLFTELQKKIYVIEGTSKQDLTSFNMELSSSGISADLSRGHAVVGAVGAKDWAGGFLDLKADLQDDTFIGNEPLTPEVRAGYLGYTVTWLPSRQKTSLLASGAPRYQHMGRVLLFQEPQGGGHWSQVQTIHGTQIGSYFGGELCGVDVDQDGETELLLIGAPLFYGEQRGGRVFIYQRRQLGFEEVSELQGDPGYPLGRFGEAITALTDINGDGLVDVAVGAPLEEQGAVYIFNGRHGGLSPQPSQRIEGTQVLSGIQWFGRSIHGVKDLEGDGLADVAVGAESQMIVLSSRPVVDMVTLMSFSPAEIPVHEVECSYSTSNKMKEGVNITICFQIKSLIPQFQGRLVANLTYTLQLDGHRTRRRGLFPGGRHELRRNIAVTTSMSCTDFSFHFPVCVQDLISPINVSLNFSLWEEEGTPRDQRAQGKDIPPILRPSLHSETWEIPFEKNCGEDKKCEANLRVSFSPARSRALRLTAFASLSVELSLSNLEEDAYWVQLDLHFPPGLSFRKVEMLKPHSQIPVSCEELPEESRLLSRALSCNVSSPIFKAGHSVALQMMFNTLVNSSWGDSVELHANVTCNNEDSDLLEDNSATTIIPILYPINILIQDQEDSTLYVSFTPKGPKIHQVKHMYQVRIQPSIHDHNIPTLEAVVGVPQPPSEGPITHQWSVQMEPPVPCHYEDLERLPDAAEPCLPGALFRCPVVFRQEILVQVIGTLELVGEIEASSMFSLCSSLSISFNSSKHFHLYGSNASLAQVVMKVDVVYEKQMLYLYVLSGIGGLLLLLLIFIVLYKVGFFKRNLKEKMEAGRGVPNGIPAEDSEQLASGQEAGDPGCLKPLHEKDSESGGGKD", "expression": "High expression of immune cells in lymphoid tissues. (https://www.proteinatlas.org/ENSG00000005844)", "notes": ""}}, {"model": "app.monomer", "pk": 15, "fields": {"name": "alpha-M", "protein": 15, "ensg": "ENSG00000169896", "gene_name": "ITGAM", "subunit": "alpha", "alpha_interaction_domain": true, "length": 1152, "sequence": "MALRVLLLTALTLCHGFNLDTENAMTFQENARGFGQSVVQLQGSRVVVGAPQEIVAANQRGSLYQCDYSTGSCEPIRLQVPVEAVNMSLGLSLAATTSPPQLLACGPTVHQTCSENTYVKGLCFLFGSNLRQQPQKFPEALRGCPQEDSDIAFLIDGSGSIIPHDFRRMKEFVSTVMEQLKKSKTLFSLMQYSEEFRIHFTFKEFQNNPNPRSLVKPITQLLGRTHTATGIRKVVRELFNITNGARKNAFKILVVITDGEKFGDPLGYEDVIPEADREGVIRYVIGVGDAFRSEKSRQELNTIASKPPRDHVFQVNNFEALKTIQNQLREKIFAIEGTQTGSSSSFEHEMSQEGFSAAITSNGPLLSTVGSYDWAGGVFLYTSKEKSTFINMTRVDSDMNDAYLGYAAAIILRNRVQSLVLGAPRYQHIGLVAMFRQNTGMWESNANVKGTQIGAYFGASLCSVDVDSNGSTDLVLIGAPHYYEQTRGGQVSVCPLPRGRARWQCDAVLYGEQGQPWGRFGAALTVLGDVNGDKLTDVAIGAPGEEDNRGAVYLFHGTSGSGISPSHSQRIAGSKLSPRLQYFGQSLSGGQDLTMDGLVDLTVGAQGHVLLLRSQPVLRVKAIMEFNPREVARNVFECNDQVVKGKEAGEVRVCLHVQKSTRDRLREGQIQSVVTYDLALDSGRPHSRAVFNETKNSTRRQTQVLGLTQTCETLKLQLPNCIEDPVSPIVLRLNFSLVGTPLSAFGNLRPVLAEDAQRLFTALFPFEKNCGNDNICQDDLSITFSFMSLDCLVVGGPREFNVTVTVRNDGEDSYRTQVTFFFPLDLSYRKVSTLQNQRSQRSWRLACESASSTEVSGALKSTSCSINHPIFPENSEVTFNITFDVDSKASLGNKLLLKANVTSENNMPRTNKTEFQLELPVKYAVYMVVTSHGVSTKYLNFTASENTSRVMQHQYQVSNLGQRSLPISLVFLVPVRLNQTVIWDRPQVTFSENLSSTCHTKERLPSHSDFLAELRKAPVVNCSIAVCQRIQCDIPFFGIQEEFNATLKGNLSFDWYIKTSHNHLLIVSTAEILFNDSVFTLLPGQGAFVRSQTETKVEPFEVPNPLPLIVGSSVGGLLLLALITAALYKLGFFKRQYKDMMSEGGPPGAEPQ", "expression": "Selective cytoplasmic expression in subset of immune cells. (https://www.proteinatlas.org/ENSG00000169896)", "notes": ""}}, {"model": "app.monomer", "pk": 16, "fields": {"name": "alpha-V", "protein": 16, "ensg": "ENSG00000138448", "gene_name": "ITGAV", "subunit": "alpha", "alpha_interaction_domain": false, "length": 1048, "sequence": "MAFPPRRRLRLGPRGLPLLLSGLLLPLCRAFNLDVDSPAEYSGPEGSYFGFAVDFFVPSASSRMFLLVGAPKANTTQPGIVEGGQVLKCDWSSTRRCQPIEFDATGNRDYAKDDPLEFKSHQWFGASVRSKQDKILACAPLYHWRTEMKQEREPVGTCFLQDGTKTVEYAPCRSQDIDADGQGFCQGGFSIDFTKADRVLLGGPGSFYWQGQLISDQVAEIVSKYDPNVYSIKYNNQLATRTAQAIFDDSYLGYSVAVGDFNGDGIDDFVSGVPRAARTLGMVYIYDGKNMSSLYNFTGEQMAAYFGFSVAATDINGDDYADVFIGAPLFMDRGSDGKLQEVGQVSVSLQRASGDFQTTKLNGFEVFARFGSAIAPLGDLDQDGFNDIAIAAPYGGEDKKGIVYIFNGRSTGLNAVPSQILEGQWAARSMPPSFGYSMKGATDIDKNGYPDLIVGAFGVDRAILYRARPVITVNAGLEVYPSILNQDNKTCSLPGTALKVSCFNVRFCLKADGKGVLPRKLNFQVELLLDKLKQKGAIRRALFLYSRSPSHSKNMTISRGGLMQCEELIAYLRDESEFRDKLTPITIFMEYRLDYRTAADTTGLQPILNQFTPANISRQAHILLDCGEDNVCKPKLEVSVDSDQKKIYIGDDNPLTLIVKAQNQGEGAYEAELIVSIPLQADFIGVVRNNEALARLSCAFKTENQTRQVVCDLGNPMKAGTQLLAGLRFSVHQQSEMDTSVKFDLQIQSSNLFDKVSPVVSHKVDLAVLAAVEIRGVSSPDHVFLPIPNWEHKENPETEEDVGPVVQHIYELRNNGPSSFSKAMLHLQWPYKYNNNTLLYILHYDIDGPMNCTSDMEINPLRIKISSLQTTEKNDTVAGQGERDHLITKRDLALSEGDIHTLGCGVAQCLKIVCQVGRLDRGKSAILYVKSLLWTETFMNKENQNHSYSLKSSASFNVIEFPYKNLPIEDITNSTLVTTNVTWGIQPAPMPVPVWVIILAVLAGLLLLAVLVFVMYRMGFFKRVRPPQEEQEREQLQPHENGEGNSET", "expression": "Cytoplasmic and membranous expression in most tissues. (https://www.proteinatlas.org/ENSG00000138448)", "notes": ""}}, {"model": "app.monomer", "pk": 17, "fields": {"name": "alpha-IIb", "protein": 17, "ensg": "ENSG00000005961", "gene_name": "ITGA2B", "subunit": "alpha", "alpha_interaction_domain": false, "length": 1039, "sequence": "MARALCPLQALWLLEWVLLLLGPCAAPPAWALNLDPVQLTFYAGPNGSQFGFSLDFHKDSHGRVAIVVGAPRTLGPSQEETGGVFLCPWRAEGGQCPSLLFDLRDETRNVGSQTLQTFKARQGLGASVVSWSDVIVACAPWQHWNVLEKTEEAEKTPVGSCFLAQPESGRRAEYSPCRGNTLSRIYVENDFSWDKRYCEAGFSSVVTQAGELVLGAPGGYYFLGLLAQAPVADIFSSYRPGILLWHVSSQSLSFDSSNPEYFDGYWGYSVAVGEFDGDLNTTEYVVGAPTWSWTLGAVEILDSYYQRLHRLRGEQMASYFGHSVAVTDVNGDGRHDLLVGAPLYMESRADRKLAEVGRVYLFLQPRGPHALGAPSLLLTGTQLYGRFGSAIAPLGDLDRDGYNDIAVAAPYGGPSGRGQVLVFLGQSEGLRSRPSQVLDSPFPTGSAFGFSLRGAVDIDDNGYPDLIVGAYGANQVAVYRAQPVVKASVQLLVQDSLNPAVKSCVLPQTKTPVSCFNIQMCVGATGHNIPQKLSLNAELQLDRQKPRQGRRVLLLGSQQAGTTLNLDLGGKHSPICHTTMAFLRDEADFRDKLSPIVLSLNVSLPPTEAGMAPAVVLHGDTHVQEQTRIVLDCGEDDVCVPQLQLTASVTGSPLLVGADNVLELQMDAANEGEGAYEAELAVHLPQGAHYMRALSNVEGFERLICNQKKENETRVVLCELGNPMKKNAQIGIAMLVSVGNLEEAGESVSFQLQIRSKNSQNPNSKIVLLDVPVRAEAQVELRGNSFPASLVVAAEEGEREQNSLDSWGPKVEHTYELHNNGPGTVNGLHLSIHLPGQSQPSDLLYILDIQPQGGLQCFPQPPVNPLKVDWGLPIPSPSPIHPAHHKRDRRQIFLPEPEQPSRLQDPVLVSCDSAPCTVVQCDLQEMARGQRAMVTVLAFLWLPSLYQRPLDQFVLQSHAWFNVSSLPYAVPPLSLPRGEAQVWTQLLRALEERAIPIWWVLVGVLGGLLLLTILVLAMWKVGFFKRNRPPLEEDDEEGE", "expression": "Selective cytoplasmic expression in megakaryocytes. (https://www.proteinatlas.org/ENSG00000005961)", "notes": ""}}, {"model": "app.monomer", "pk": 18, "fields": {"name": "alpha-X", "protein": 18, "ensg": "ENSG00000140678", "gene_name": "ITGAX", "subunit": "alpha", "alpha_interaction_domain": true, "length": 1163, "sequence": "MTRTRAALLLFTALATSLGFNLDTEELTAFRVDSAGFGDSVVQYANSWVVVGAPQKITAANQTGGLYQCGYSTGACEPIGLQVPPEAVNMSLGLSLASTTSPSQLLACGPTVHHECGRNMYLTGLCFLLGPTQLTQRLPVSRQECPRQEQDIVFLIDGSGSISSRNFATMMNFVRAVISQFQRPSTQFSLMQFSNKFQTHFTFEEFRRSSNPLSLLASVHQLQGFTYTATAIQNVVHRLFHASYGARRDAAKILIVITDGKKEGDSLDYKDVIPMADAAGIIRYAIGVGLAFQNRNSWKELNDIASKPSQEHIFKVEDFDALKDIQNQLKEKIFAIEGTETTSSSSFELEMAQEGFSAVFTPDGPVLGAVGSFTWSGGAFLYPPNMSPTFINMSQENVDMRDSYLGYSTELALWKGVQSLVLGAPRYQHTGKAVIFTQVSRQWRMKAEVTGTQIGSYFGASLCSVDVDSDGSTDLVLIGAPHYYEQTRGGQVSVCPLPRGWRRWWCDAVLYGEQGHPWGRFGAALTVLGDVNGDKLTDVVIGAPGEEENRGAVYLFHGVLGPSISPSHSQRIAGSQLSSRLQYFGQALSGGQDLTQDGLVDLAVGARGQVLLLRTRPVLWVGVSMQFIPAEIPRSAFECREQVVSEQTLVQSNICLYIDKRSKNLLGSRDLQSSVTLDLALDPGRLSPRATFQETKNRSLSRVRVLGLKAHCENFNLLLPSCVEDSVTPITLRLNFTLVGKPLLAFRNLRPMLAADAQRYFTASLPFEKNCGADHICQDNLGISFSFPGLKSLLVGSNLELNAEVMVWNDGEDSYGTTITFSHPAGLSYRYVAEGQKQGQLRSLHLTCDSAPVGSQGTWSTSCRINHLIFRGGAQITFLATFDVSPKAVLGDRLLLTANVSSENNTPRTSKTTFQLELPVKYAVYTVVSSHEQFTKYLNFSESEEKESHVAMHRYQVNNLGQRDLPVSINFWVPVELNQEAVWMDVEVSHPQNPSLRCSSEKIAPPASDFLAHIQKNPVLDCSIAGCLRFRCDVPSFSVQEELDFTLKGNLSFGWVRQILQKKVSVVSVAEITFDTSVYSQLPGQEAFMRAQTTTVLEKYKVHNPTPLIVGSSIGGLLLLALITAVLYKVGFFKRQYKEMMEEANGQIAPENGTQTPSPPSEK", "expression": "Cytoplasmic expression in macrophages and cells in lymphoid tissues. (https://www.proteinatlas.org/ENSG00000140678)", "notes": ""}}, {"model": "app.monomer", "pk": 19, "fields": {"name": "beta-1", "protein": 19, "ensg": "ENSG00000150093", "gene_name": "ITGB1", "subunit": "beta", "alpha_interaction_domain": null, "length": 798, "sequence": "MNLQPIFWIGLISSVCCVFAQTDENRCLKANAKSCGECIQAGPNCGWCTNSTFLQEGMPTSARCDDLEALKKKGCPPDDIENPRGSKDIKKNKNVTNRSKGTAEKLKPEDITQIQPQQLVLRLRSGEPQTFTLKFKRAEDYPIDLYYLMDLSYSMKDDLENVKSLGTDLMNEMRRITSDFRIGFGSFVEKTVMPYISTTPAKLRNPCTSEQNCTSPFSYKNVLSLTNKGEVFNELVGKQRISGNLDSPEGGFDAIMQVAVCGSLIGWRNVTRLLVFSTDAGFHFAGDGKLGGIVLPNDGQCHLENNMYTMSHYYDYPSIAHLVQKLSENNIQTIFAVTEEFQPVYKELKNLIPKSAVGTLSANSSNVIQLIIDAYNSLSSEVILENGKLSEGVTISYKSYCKNGVNGTGENGRKCSNISIGDEVQFEISITSNKCPKKDSDSFKIRPLGFTEEVEVILQYICECECQSEGIPESPKCHEGNGTFECGACRCNEGRVGRHCECSTDEVNSEDMDAYCRKENSSEICSNNGECVCGQCVCRKRDNTNEIYSGKFCECDNFNCDRSNGLICGGNGVCKCRVCECNPNYTGSACDCSLDTSTCEASNGQICNGRGICECGVCKCTDPKFQGQTCEMCQTCLGVCAEHKECVQCRAFNKGEKKDTCTQECSYFNITKVESRDKLPQPVQPDPVSHCKEKDVDDCWFYFTYSVNGNNEVMVHVVENPECPTGPDIIPIVAGVVAGIVLIGLALLLIWKLLMIIHDRREFAKFEKEKMNAKWDTGENPIYKSAVTTVVNPKYEGK", "expression": "Expression in endothelial cells and basement membranes in several tissues. (https://www.proteinatlas.org/ENSG00000150093)", "notes": ""}}, {"model": "app.monomer", "pk": 20, "fields": {"name": "beta-2", "protein": 20, "ensg": "ENSG00000160255", "gene_name": "ITGB2", "subunit": "beta", "alpha_interaction_domain": null, "length": 769, "sequence": "MLGLRPPLLALVGLLSLGCVLSQECTKFKVSSCRECIESGPGCTWCQKLNFTGPGDPDSIRCDTRPQLLMRGCAADDIMDPTSLAETQEDHNGGQKQLSPQKVTLYLRPGQAAAFNVTFRRAKGYPIDLYYLMDLSYSMLDDLRNVKKLGGDLLRALNEITESGRIGFGSFVDKTVLPFVNTHPDKLRNPCPNKEKECQPPFAFRHVLKLTNNSNQFQTEVGKQLISGNLDAPEGGLDAMMQVAACPEEIGWRNVTRLLVFATDDGFHFAGDGKLGAILTPNDGRCHLEDNLYKRSNEFDYPSVGQLAHKLAENNIQPIFAVTSRMVKTYEKLTEIIPKSAVGELSEDSSNVVQLIKNAYNKLSSRVFLDHNALPDTLKVTYDSFCSNGVTHRNQPRGDCDGVQINVPITFQVKVTATECIQEQSFVIRALGFTDIVTVQVLPQCECRCRDQSRDRSLCHGKGFLECGICRCDTGYIGKNCECQTQGRSSQELEGSCRKDNNSIICSGLGDCVCGQCLCHTSDVPGKLIYGQYCECDTINCERYNGQVCGGPGRGLCFCGKCRCHPGFEGSACQCERTTEGCLNPRRVECSGRGRCRCNVCECHSGYQLPLCQECPGCPSPCGKYISCAECLKFEKGPFGKNCSAACPGLQLSNNPVKGRTCKERDSEGCWVAYTLEQQDGMDRYLIYVDESRECVAGPNIAAIVGGTVAGIVLIGILLLVIWKALIHLSDLREYRRFEKEKLKSQWNNDNPLFKSATTTVMNPKFAES", "expression": "Selective cytoplasmic and membranous expression in immune cells, mainly in lymphoid tissue and bone marrow. (https://www.proteinatlas.org/ENSG00000160255)", "notes": ""}}, {"model": "app.monomer", "pk": 21, "fields": {"name": "beta-3", "protein": 21, "ensg": "ENSG00000259207", "gene_name": "ITGB3", "subunit": "beta", "alpha_interaction_domain": null, "length": 788, "sequence": "MRARPRPRPLWATVLALGALAGVGVGGPNICTTRGVSSCQQCLAVSPMCAWCSDEALPLGSPRCDLKENLLKDNCAPESIEFPVSEARVLEDRPLSDKGSGDSSQVTQVSPQRIALRLRPDDSKNFSIQVRQVEDYPVDIYYLMDLSYSMKDDLWSIQNLGTKLATQMRKLTSNLRIGFGAFVDKPVSPYMYISPPEALENPCYDMKTTCLPMFGYKHVLTLTDQVTRFNEEVKKQSVSRNRDAPEGGFDAIMQATVCDEKIGWRNDASHLLVFTTDAKTHIALDGRLAGIVQPNDGQCHVGSDNHYSASTTMDYPSLGLMTEKLSQKNINLIFAVTENVVNLYQNYSELIPGTTVGVLSMDSSNVLQLIVDAYGKIRSKVELEVRDLPEELSLSFNATCLNNEVIPGLKSCMGLKIGDTVSFSIEAKVRGCPQEKEKSFTIKPVGFKDSLIVQVTFDCDCACQAQAEPNSHRCNNGNGTFECGVCRCGPGWLGSQCECSEEDYRPSQQDECSPREGQPVCSQRGECLCGQCVCHSSDFGKITGKYCECDDFSCVRYKGEMCSGHGQCSCGDCLCDSDWTGYYCNCTTRTDTCMSSNGLLCSGRGKCECGSCVCIQPGSYGDTCEKCPTCPDACTFKKECVECKKFDRGALHDENTCNRYCRDEIESVKELKDTGKDAVNCTYKNEDDCVVRFQYYEDSSGKSILYVVEEPECPKGPDILVVLLSVMGAILLIGLAALLIWKLLITIHDRKEFAKFEEERARAKWDTANNPLYKEATSTFTNITYRGT", "expression": "Cytoplasmic expression in megakaryocytes and platelets. (https://www.proteinatlas.org/ENSG00000259207)", "notes": ""}}, {"model": "app.monomer", "pk": 22, "fields": {"name": "beta-4", "protein": 22, "ensg": "ENSG00000132470", "gene_name": "ITGB4", "subunit": "beta", "alpha_interaction_domain": null, "length": 1822, "sequence": "MAGPRPSPWARLLLAALISVSLSGTLANRCKKAPVKSCTECVRVDKDCAYCTDEMFRDRRCNTQAELLAAGCQRESIVVMESSFQITEETQIDTTLRRSQMSPQGLRVRLRPGEERHFELEVFEPLESPVDLYILMDFSNSMSDDLDNLKKMGQNLARVLSQLTSDYTIGFGKFVDKVSVPQTDMRPEKLKEPWPNSDPPFSFKNVISLTEDVDEFRNKLQGERISGNLDAPEGGFDAILQTAVCTRDIGWRPDSTHLLVFSTESAFHYEADGANVLAGIMSRNDERCHLDTTGTYTQYRTQDYPSVPTLVRLLAKHNIIPIFAVTNYSYSYYEKLHTYFPVSSLGVLQEDSSNIVELLEEAFNRIRSNLDIRALDSPRGLRTEVTSKMFQKTRTGSFHIRRGEVGIYQVQLRALEHVDGTHVCQLPEDQKGNIHLKPSFSDGLKMDAGIICDVCTCELQKEVRSARCSFNGDFVCGQCVCSEGWSGQTCNCSTGSLSDIQPCLREGEDKPCSGRGECQCGHCVCYGEGRYEGQFCEYDNFQCPRTSGFLCNDRGRCSMGQCVCEPGWTGPSCDCPLSNATCIDSNGGICNGRGHCECGRCHCHQQSLYTDTICEINYSAIHPGLCEDLRSCVQCQAWGTGEKKGRTCEECNFKVKMVDELKRAEEVVVRCSFRDEDDDCTYSYTMEGDGAPGPNSTVLVHKKKDCPPGSFWWLIPLLLLLLPLLALLLLLCWKYCACCKACLALLPCCNRGHMVGFKEDHYMLRENLMASDHLDTPMLRSGNLKGRDVVRWKVTNNMQRPGFATHAASINPTELVPYGLSLRLARLCTENLLKPDTRECAQLRQEVEENLNEVYRQISGVHKLQQTKFRQQPNAGKKQDHTIVDTVLMAPRSAKPALLKLTEKQVEQRAFHDLKVAPGYYTLTADQDARGMVEFQEGVELVDVRVPLFIRPEDDDEKQLLVEAIDVPAGTATLGRRLVNITIIKEQARDVVSFEQPEFSVSRGDQVARIPVIRRVLDGGKSQVSYRTQDGTAQGNRDYIPVEGELLFQPGEAWKELQVKLLELQEVDSLLRGRQVRRFHVQLSNPKFGAHLGQPHSTTIIIRDPDELDRSFTSQMLSSQPPPHGDLGAPQNPNAKAAGSRKIHFNWLPPSGKPMGYRVKYWIQGDSESEAHLLDSKVPSVELTNLYPYCDYEMKVCAYGAQGEGPYSSLVSCRTHQEVPSEPGRLAFNVVSSTVTQLSWAEPAETNGEITAYEVCYGLVNDDNRPIGPMKKVLVDNPKNRMLLIENLRESQPYRYTVKARNGAGWGPEREAIINLATQPKRPMSIPIIPDIPIVDAQSGEDYDSFLMYSDDVLRSPSGSQRPSVSDDTGCGWKFEPLLGEELDLRRVTWRLPPELIPRLSASSGRSSDAEAPHGPPDDGGAGGKGGSLPRSATPGPPGEHLVNGRMDFAFPGSTNSLHRMTTTSAAAYGTHLSPHVPHRVLSTSSTLTRDYNSLTRSEHSHSTTLPRDYSTLTSVSSHDSRLTAGVPDTPTRLVFSALGPTSLRVSWQEPRCERPLQGYSVEYQLLNGGELHRLNIPNPAQTSVVVEDLLPNHSYVFRVRAQSQEGWGREREGVITIESQVHPQSPLCPLPGSAFTLSTPSAPGPLVFTALSPDSLQLSWERPRRPNGDIVGYLVTCEMAQGGGPATAFRVDGDSPESRLTVPGLSENVPYKFKVQARTTEGFGPEREGIITIESQDGGPFPQLGSRAGLFQHPLQSEYSSITTTHTSATEPFLVDGLTLGAQHLEAGGSLTRHVTQEFVSRTLTTSGTLSTHMDQQFFQT", "expression": "Membranous expression mainly in basal membranes of epithelial cells. (https://www.proteinatlas.org/ENSG00000132470)", "notes": ""}}, {"model": "app.monomer", "pk": 23, "fields": {"name": "beta-5", "protein": 23, "ensg": "ENSG00000082781", "gene_name": "ITGB5", "subunit": "beta", "alpha_interaction_domain": null, "length": 799, "sequence": "MPRAPAPLYACLLGLCALLPRLAGLNICTSGSATSCEECLLIHPKCAWCSKEDFGSPRSITSRCDLRANLVKNGCGGEIESPASSFHVLRSLPLSSKGSGSAGWDVIQMTPQEIAVNLRPGDKTTFQLQVRQVEDYPVDLYYLMDLSLSMKDDLDNIRSLGTKLAEEMRKLTSNFRLGFGSFVDKDISPFSYTAPRYQTNPCIGYKLFPNCVPSFGFRHLLPLTDRVDSFNEEVRKQRVSRNRDAPEGGFDAVLQAAVCKEKIGWRKDALHLLVFTTDDVPHIALDGKLGGLVQPHDGQCHLNEANEYTASNQMDYPSLALLGEKLAENNINLIFAVTKNHYMLYKNFTALIPGTTVEILDGDSKNIIQLIINAYNSIRSKVELSVWDQPEDLNLFFTATCQDGVSYPGQRKCEGLKIGDTASFEVSLEARSCPSRHTEHVFALRPVGFRDSLEVGVTYNCTCGCSVGLEPNSARCNGSGTYVCGLCECSPGYLGTRCECQDGENQSVYQNLCREAEGKPLCSGRGDCSCNQCSCFESEFGKIYGPFCECDNFSCARNKGVLCSGHGECHCGECKCHAGYIGDNCNCSTDISTCRGRDGQICSERGHCLCGQCQCTEPGAFGEMCEKCPTCPDACSTKRDCVECLLLHSGKPDNQTCHSLCRDEVITWVDTIVKDDQEAVLCFYKTAKDCVMMFTYVELPSGKSNLTVLREPECGNTPNAMTILLAVVGSILLVGLALLAIWKLLVTIHDRREFAKFQSERSRARYEMASNPLYRKPISTHTVDFTFNKFNKSYNGTVD", "expression": "General cytoplasmic expression. (https://www.proteinatlas.org/ENSG00000082781)", "notes": ""}}, {"model": "app.monomer", "pk": 24, "fields": {"name": "beta-6", "protein": 24, "ensg": "ENSG00000115221", "gene_name": "ITGB6", "subunit": "beta", "alpha_interaction_domain": null, "length": 788, "sequence": "MGIELLCLFFLFLGRNDHVQGGCALGGAETCEDCLLIGPQCAWCAQENFTHPSGVGERCDTPANLLAKGCQLNFIENPVSQVEILKNKPLSVGRQKNSSDIVQIAPQSLILKLRPGGAQTLQVHVRQTEDYPVDLYYLMDLSASMDDDLNTIKELGSRLSKEMSKLTSNFRLGFGSFVEKPVSPFVKTTPEEIANPCSSIPYFCLPTFGFKHILPLTNDAERFNEIVKNQKISANIDTPEGGFDAIMQAAVCKEKIGWRNDSLHLLVFVSDADSHFGMDSKLAGIVIPNDGLCHLDSKNEYSMSTVLEYPTIGQLIDKLVQNNVLLIFAVTQEQVHLYENYAKLIPGATVGLLQKDSGNILQLIISAYEELRSEVELEVLGDTEGLNLSFTAICNNGTLFQHQKKCSHMKVGDTASFSVTVNIPHCERRSRHIIIKPVGLGDALELLVSPECNCDCQKEVEVNSSKCHHGNGSFQCGVCACHPGHMGPRCECGEDMLSTDSCKEAPDHPSCSGRGDCYCGQCICHLSPYGNIYGPYCQCDNFSCVRHKGLLCGGNGDCDCGECVCRSGWTGEYCNCTTSTDSCVSEDGVLCSGRGDCVCGKCVCTNPGASGPTCERCPTCGDPCNSKRSCIECHLSAAGQAREECVDKCKLAGATISEEEDFSKDGSVSCSLQGENECLITFLITTDNEGKTIIHSINEKDCPKPPNIPMIMLGVSLAILLIGVVLLCIWKLLVSFHDRKEVAKFEAERSKAKWQTGTNPLYRGSTSTFKNVTYKHREKQKVDLSTDC", "expression": "Cytoplasmic and membranous expression in several different tissue types. (https://www.proteinatlas.org/ENSG00000115221)", "notes": ""}}, {"model": "app.monomer", "pk": 25, "fields": {"name": "beta-7", "protein": 25, "ensg": "ENSG00000139626", "gene_name": "ITGB7", "subunit": "beta", "alpha_interaction_domain": null, "length": 798, "sequence": "MVALPMVLVLLLVLSRGESELDAKIPSTGDATEWRNPHLSMLGSCQPAPSCQKCILSHPSCAWCKQLNFTASGEAEARRCARREELLARGCPLEELEEPRGQQEVLQDQPLSQGARGEGATQLAPQRVRVTLRPGEPQQLQVRFLRAEGYPVDLYYLMDLSYSMKDDLERVRQLGHALLVRLQEVTHSVRIGFGSFVDKTVLPFVSTVPSKLRHPCPTRLERCQSPFSFHHVLSLTGDAQAFEREVGRQSVSGNLDSPEGGFDAILQAALCQEQIGWRNVSRLLVFTSDDTFHTAGDGKLGGIFMPSDGHCHLDSNGLYSRSTEFDYPSVGQVAQALSAANIQPIFAVTSAALPVYQELSKLIPKSAVGELSEDSSNVVQLIMDAYNSLSSTVTLEHSSLPPGVHISYESQCEGPEKREGKAEDRGQCNHVRINQTVTFWVSLQATHCLPEPHLLRLRALGFSEELIVELHTLCDCNCSDTQPQAPHCSDGQGHLQCGVCSCAPGRLGRLCECSVAELSSPDLESGCRAPNGTGPLCSGKGHCQCGRCSCSGQSSGHLCECDDASCERHEGILCGGFGRCQCGVCHCHANRTGRACECSGDMDSCISPEGGLCSGHGRCKCNRCQCLDGYYGALCDQCPGCKTPCERHRDCAECGAFRTGPLATNCSTACAHTNVTLALAPILDDGWCKERTLDNQLFFFLVEDDARGTVVLRVRPQEKGADHTQAIVLGCVGGIVAVGLGLVLAYRLSVEIYDRREYSRFEKEQQQLNWKQDSNPLYKSAITTTINPRFQEADSPTL", "expression": "No protein expression data available. (https://www.proteinatlas.org/ENSG00000139626)", "notes": ""}}, {"model": "app.monomer", "pk": 26, "fields": {"name": "beta-8", "protein": 26, "ensg": "ENSG00000105855", "gene_name": "ITGB8", "subunit": "beta", "alpha_interaction_domain": null, "length": 769, "sequence": "MCGSALAFFTAAFVCLQNDRRGPASFLWAAWVFSLVLGLGQGEDNRCASSNAASCARCLALGPECGWCVQEDFISGGSRSERCDIVSNLISKGCSVDSIEYPSVHVIIPTENEINTQVTPGEVSIQLRPGAEANFMLKVHPLKKYPVDLYYLVDVSASMHNNIEKLNSVGNDLSRKMAFFSRDFRLGFGSYVDKTVSPYISIHPERIHNQCSDYNLDCMPPHGYIHVLSLTENITEFEKAVHRQKISGNIDTPEGGFDAMLQAAVCESHIGWRKEAKRLLLVMTDQTSHLALDSKLAGIVVPNDGNCHLKNNVYVKSTTMEHPSLGQLSEKLIDNNINVIFAVQGKQFHWYKDLLPLLPGTIAGEIESKAANLNNLVVEAYQKLISEVKVQVENQVQGIYFNITAICPDGSRKPGMEGCRNVTSNDEVLFNVTVTMKKCDVTGGKNYAIIKPIGFNETAKIHIHRNCSCQCEDNRGPKGKCVDETFLDSKCFQCDENKCHFDEDQFSSESCKSHKDQPVCSGRGVCVCGKCSCHKIKLGKVYGKYCEKDDFSCPYHHGNLCAGHGECEAGRCQCFSGWEGDRCQCPSAAAQHCVNSKGQVCSGRGTCVCGRCECTDPRSIGRFCEHCPTCYTACKENWNCMQCLHPHNLSQAILDQCKTSCALMEQQHYVDQTSECFSSPSYLRIFFIIFIVTFLIGLLKVLIIRQVILQWNSNKIKSSSDYRVSASKKDKLILQSVCTRAVTYRREKPEEIKMDISKLNAHETFRCNF", "expression": "Membranous expression mainly in glandular cells and outer limiting membranous in retina. (https://www.proteinatlas.org/ENSG00000105855)", "notes": ""}}, {"model": "app.dimer", "pk": 1, "fields": {"lookup_name": "alpha-1_beta-1", "alpha": 1, "beta": 19, "expression": "Expression in endothelial cells and basement membranes in several tissues", "notes": "nan"}}, {"model": "app.dimer", "pk": 2, "fields": {"lookup_name": "alpha-2_beta-1", "alpha": 2, "beta": 19, "expression": "Cell membrane expression in several tissues", "notes": "nan"}}, {"model": "app.dimer", "pk": 3, "fields": {"lookup_name": "alpha-3_beta-1", "alpha": 3, "beta": 19, "expression": "Membranous expression in epithelial cells", "notes": "nan"}}, {"model": "app.dimer", "pk": 4, "fields": {"lookup_name": "alpha-4_beta-1", "alpha": 4, "beta": 19, "expression": "No protein expression data available", "notes": "nan"}}, {"model": "app.dimer", "pk": 5, "fields": {"lookup_name": "alpha-4_beta-7", "alpha": 4, "beta": 25, "expression": "No protein expression data available", "notes": "nan"}}, {"model": "app.dimer", "pk": 6, "fields": {"lookup_name": "alpha-5_beta-1", "alpha": 5, "beta": 19, "expression": "Selective membranous expression in smooth muscle and trophoblastic cells in placenta", "notes": "nan"}}, {"model": "app.dimer", "pk": 7, "fields": {"lookup_name": "alpha-6_beta-1", "alpha": 6, "beta": 19, "expression": "Membranous expression in several solid tissues, most abundant in basal membranes", "notes": "nan"}}, {"model": "app.dimer", "pk": 8, "fields": {"lookup_name": "alpha-6_beta-4", "alpha": 6, "beta": 22, "expression": "Membranous expression in epithelial cells, most abundant in basal membranes", "notes": "nan"}}, {"model": "app.dimer", "pk": 9, "fields": {"lookup_name": "alpha-7_beta-1", "alpha": 7, "beta": 19, "expression": "Expression in endothelial cells and basement membranes in several tissues.", "notes": "nan"}}, {"model": "app.dimer", "pk": 10, "fields": {"lookup_name": "alpha-8_beta-1", "alpha": 8, "beta": 19, "expression": "Cytoplasmic expression mainly in vessels", "notes": "nan"}}, {"model": "app.dimer", "pk": 11, "fields": {"lookup_name": "alpha-9_beta-1", "alpha": 9, "beta": 19, "expression": "Selective membranous expression, most abundant in squamous epithelial cells", "notes": "nan"}}, {"model": "app.dimer", "pk": 12, "fields": {"lookup_name": "alpha-10_beta-1", "alpha": 10, "beta": 19, "expression": "No protein expression data available", "notes": "nan"}}, {"model": "app.dimer", "pk": 13, "fields": {"lookup_name": "alpha-11_beta-1", "alpha": 11, "beta": 19, "expression": "Expression in endothelial cells and basement membranes in several tissues", "notes": "nan"}}, {"model": "app.dimer", "pk": 14, "fields": {"lookup_name": "alpha-D_beta-2", "alpha": 12, "beta": 20, "expression": "Estimation of protein expression could not be performed", "notes": "nan"}}, {"model": "app.dimer", "pk": 15, "fields": {"lookup_name": "alpha-E_beta-7", "alpha": 13, "beta": 25, "expression": "No protein expression data available", "notes": "nan"}}, {"model": "app.dimer", "pk": 16, "fields": {"lookup_name": "alpha-L_beta-2", "alpha": 14, "beta": 20, "expression": "High expression of immune cells in lymphoid tissues", "notes": "nan"}}, {"model": "app.dimer", "pk": 17, "fields": {"lookup_name": "alpha-M_beta-2", "alpha": 15, "beta": 20, "expression": "Selective cytoplasmic expression in subset of immune cells", "notes": "nan"}}, {"model": "app.dimer", "pk": 18, "fields": {"lookup_name": "alpha-V_beta-1", "alpha": 16, "beta": 19, "expression": "Expression in endothelial cells and basement membranes in several tissues", "notes": "nan"}}, {"model": "app.dimer", "pk": 19, "fields": {"lookup_name": "alpha-V_beta-8", "alpha": 16, "beta": 26, "expression": "Membranous expression mainly in glandular cells and outer limiting membranous in retina", "notes": "nan"}}, {"model": "app.dimer", "pk": 20, "fields": {"lookup_name": "alpha-V_beta-6", "alpha": 16, "beta": 24, "expression": "Cytoplasmic and membranous expression in several different tissue types", "notes": "nan"}}, {"model": "app.dimer", "pk": 21, "fields": {"lookup_name": "alpha-V_beta-3", "alpha": 16, "beta": 21, "expression": "Cytoplasmic expression in megakaryocytes and platelets", "notes": "nan"}}, {"model": "app.dimer", "pk": 22, "fields": {"lookup_name": "alpha-V_beta-5", "alpha": 16, "beta": 23, "expression": "Cytoplasmic and membranous expression in most tissues", "notes": "nan"}}, {"model": "app.dimer", "pk": 23, "fields": {"lookup_name": "alpha-IIb_beta-3", "alpha": 17, "beta": 21, "expression": "Selective cytoplasmic expression in megakaryocytes", "notes": "nan"}}, {"model": "app.dimer", "pk": 24, "fields": {"lookup_name": "alpha-X_beta-2", "alpha": 18, "beta": 20, "expression": "Cytoplasmic expression in macrophages and cells in lymphoid tissues", "notes": "nan"}}, {"model": "app.alternativename", "pk": 1, "fields": {"protein": 1, "name": "CD49 antigen-like family member A"}}, {"model": "app.alternativename", "pk": 2, "fields": {"protein": 1, "name": "Laminin and collagen receptor"}}, {"model": "app.alternativename", "pk": 3, "fields": {"protein": 1, "name": "VLA-1"}}, {"model": "app.alternativename", "pk": 4, "fields": {"protein": 1, "name": "CD_antigen=CD49a"}}, {"model": "app.alternativename", "pk": 5, "fields": {"protein": 2, "name": "CD49 antigen-like family member B"}}, {"model": "app.alternativename", "pk": 6, "fields": {"protein": 2, "name": "Collagen receptor"}}, {"model": "app.alternativename", "pk": 7, "fields": {"protein": 2, "name": "Platelet membrane glycoprotein Ia"}}, {"model": "app.alternativename", "pk": 8, "fields": {"protein": 2, "name": "VLA-2 subunit alpha"}}, {"model": "app.alternativename", "pk": 9, "fields": {"protein": 2, "name": "CD_antigen=CD49b"}}, {"model": "app.alternativename", "pk": 10, "fields": {"protein": 3, "name": "CD49 antigen-like family member C"}}, {"model": "app.alternativename", "pk": 11, "fields": {"protein": 3, "name": "FRP-2"}}, {"model": "app.alternativename", "pk": 12, "fields": {"protein": 3, "name": "Galactoprotein B3"}}, {"model": "app.alternativename", "pk": 13, "fields": {"protein": 3, "name": "VLA-3 subunit alpha"}}, {"model": "app.alternativename", "pk": 14, "fields": {"protein": 3, "name": "CD_antigen=CD49c"}}, {"model": "app.alternativename", "pk": 15, "fields": {"protein": 4, "name": "CD49 antigen-like family member D"}}, {"model": "app.alternativename", "pk": 16, "fields": {"protein": 4, "name": "Integrin alpha-IV"}}, {"model": "app.alternativename", "pk": 17, "fields": {"protein": 4, "name": "VLA-4 subunit alpha"}}, {"model": "app.alternativename", "pk": 18, "fields": {"protein": 4, "name": "CD_antigen=CD49d"}}, {"model": "app.alternativename", "pk": 19, "fields": {"protein": 5, "name": "CD49 antigen-like family member E"}}, {"model": "app.alternativename", "pk": 20, "fields": {"protein": 5, "name": "Fibronectin receptor subunit alpha"}}, {"model": "app.alternativename", "pk": 21, "fields": {"protein": 5, "name": "Integrin alpha-F"}}, {"model": "app.alternativename", "pk": 22, "fields": {"protein": 5, "name": "VLA-5"}}, {"model": "app.alternativename", "pk": 23, "fields": {"protein": 5, "name": "CD_antigen=CD49e"}}, {"model": "app.alternativename", "pk": 24, "fields": {"protein": 6, "name": "CD49 antigen-like family member F"}}, {"model": "app.alternativename", "pk": 25, "fields": {"protein": 6, "name": "VLA-6"}}, {"model": "app.alternativename", "pk": 26, "fields": {"protein": 6, "name": "CD_antigen=CD49f"}}, {"model": "app.alternativename", "pk": 27, "fields": {"protein": 9, "name": "Integrin alpha-RLC"}}, {"model": "app.alternativename", "pk": 28, "fields": {"protein": 12, "name": "ADB2"}}, {"model": "app.alternativename", "pk": 29, "fields": {"protein": 12, "name": "CD11 antigen-like family member D"}}, {"model": "app.alternativename", "pk": 30, "fields": {"protein": 12, "name": "Leukointegrin alpha D"}}, {"model": "app.alternativename", "pk": 31, "fields": {"protein": 12, "name": "CD_antigen=CD11d"}}, {"model": "app.alternativename", "pk": 32, "fields": {"protein": 13, "name": "HML-1 antigen"}}, {"model": "app.alternativename", "pk": 33, "fields": {"protein": 13, "name": "Integrin alpha-IEL"}}, {"model": "app.alternativename", "pk": 34, "fields": {"protein": 13, "name": "Mucosal lymphocyte 1 antigen"}}, {"model": "app.alternativename", "pk": 35, "fields": {"protein": 13, "name": "CD_antigen=CD103"}}, {"model": "app.alternativename", "pk": 36, "fields": {"protein": 14, "name": "CD11 antigen-like family member A"}}, {"model": "app.alternativename", "pk": 37, "fields": {"protein": 14, "name": "Leukocyte adhesion glycoprotein LFA-1 alpha chain"}}, {"model": "app.alternativename", "pk": 38, "fields": {"protein": 14, "name": "Leukocyte function-associated molecule 1 alpha chain"}}, {"model": "app.alternativename", "pk": 39, "fields": {"protein": 14, "name": "CD_antigen=CD11a"}}, {"model": "app.alternativename", "pk": 40, "fields": {"protein": 15, "name": "CD11 antigen-like family member B"}}, {"model": "app.alternativename", "pk": 41, "fields": {"protein": 15, "name": "CR-3 alpha chain"}}, {"model": "app.alternativename", "pk": 42, "fields": {"protein": 15, "name": "Cell surface glycoprotein MAC-1 subunit alpha"}}, {"model": "app.alternativename", "pk": 43, "fields": {"protein": 15, "name": "Leukocyte adhesion receptor MO1"}}, {"model": "app.alternativename", "pk": 44, "fields": {"protein": 15, "name": "Neutrophil adherence receptor"}}, {"model": "app.alternativename", "pk": 45, "fields": {"protein": 15, "name": "CD_antigen=CD11b"}}, {"model": "app.alternativename", "pk": 46, "fields": {"protein": 16, "name": "Vitronectin receptor"}}, {"model": "app.alternativename", "pk": 47, "fields": {"protein": 16, "name": "Vitronectin receptor subunit alpha"}}, {"model": "app.alternativename", "pk": 48, "fields": {"protein": 16, "name": "CD_antigen=CD51"}}, {"model": "app.alternativename", "pk": 49, "fields": {"protein": 17, "name": "GPalpha IIb"}}, {"model": "app.alternativename", "pk": 50, "fields": {"protein": 17, "name": "Platelet membrane glycoprotein IIb"}}, {"model": "app.alternativename", "pk": 51, "fields": {"protein": 17, "name": "CD_antigen=CD41"}}, {"model": "app.alternativename", "pk": 52, "fields": {"protein": 18, "name": "CD11 antigen-like family member C"}}, {"model": "app.alternativename", "pk": 53, "fields": {"protein": 18, "name": "Leu M5"}}, {"model": "app.alternativename", "pk": 54, "fields": {"protein": 18, "name": "Leukocyte adhesion glycoprotein p150,95 alpha chain"}}, {"model": "app.alternativename", "pk": 55, "fields": {"protein": 18, "name": "Leukocyte adhesion receptor p150,95"}}, {"model": "app.alternativename", "pk": 56, "fields": {"protein": 18, "name": "CD_antigen=CD11c"}}, {"model": "app.alternativename", "pk": 57, "fields": {"protein": 19, "name": "Fibronectin receptor subunit beta"}}, {"model": "app.alternativename", "pk": 58, "fields": {"protein": 19, "name": "Glycoprotein IIa"}}, {"model": "app.alternativename", "pk": 59, "fields": {"protein": 19, "name": "VLA-4 subunit beta"}}, {"model": "app.alternativename", "pk": 60, "fields": {"protein": 19, "name": "CD_antigen=CD29"}}, {"model": "app.alternativename", "pk": 61, "fields": {"protein": 20, "name": "Cell surface adhesion glycoproteins LFA-1/CR3/p150,95 subunit beta"}}, {"model": "app.alternativename", "pk": 62, "fields": {"protein": 20, "name": "Complement receptor C3 subunit beta"}}, {"model": "app.alternativename", "pk": 63, "fields": {"protein": 20, "name": "CD_antigen=CD18"}}, {"model": "app.alternativename", "pk": 64, "fields": {"protein": 21, "name": "Platelet membrane glycoprotein IIIa"}}, {"model": "app.alternativename", "pk": 65, "fields": {"protein": 21, "name": "CD_antigen=CD61"}}, {"model": "app.alternativename", "pk": 66, "fields": {"protein": 22, "name": "GP150"}}, {"model": "app.alternativename", "pk": 67, "fields": {"protein": 22, "name": "CD_antigen=CD104"}}, {"model": "app.alternativename", "pk": 68, "fields": {"protein": 25, "name": "Gut homing receptor beta subunit"}}, {"model": "app.monomertostructure", "pk": 1, "fields": {"monomer": 1, "structure": 1, "start": 1, "stop": 28}}, {"model": "app.monomertostructure", "pk": 2, "fields": {"monomer": 1, "structure": 2, "start": 44, "stop": 99}}, {"model": "app.monomertostructure", "pk": 3, "fields": {"monomer": 1, "structure": 3, "start": 100, "stop": 165}}, {"model": "app.monomertostructure", "pk": 4, "fields": {"monomer": 1, "structure": 4, "start": 166, "stop": 364}}, {"model": "app.monomertostructure", "pk": 5, "fields": {"monomer": 1, "structure": 5, "start": 365, "stop": 420}}, {"model": "app.monomertostructure", "pk": 6, "fields": {"monomer": 1, "structure": 6, "start": 421, "stop": 475}}, {"model": "app.monomertostructure", "pk": 7, "fields": {"monomer": 1, "structure": 7, "start": 476, "stop": 545}}, {"model": "app.monomertostructure", "pk": 8, "fields": {"monomer": 1, "structure": 8, "start": 546, "stop": 617}}, {"model": "app.monomertostructure", "pk": 9, "fields": {"monomer": 1, "structure": 9, "start": 618, "stop": 665}}, {"model": "app.monomertostructure", "pk": 10, "fields": {"monomer": 1, "structure": 10, "start": 666, "stop": 809}}, {"model": "app.monomertostructure", "pk": 11, "fields": {"monomer": 1, "structure": 11, "start": 810, "stop": 944}}, {"model": "app.monomertostructure", "pk": 12, "fields": {"monomer": 1, "structure": 12, "start": 945, "stop": 1141}}, {"model": "app.monomertostructure", "pk": 13, "fields": {"monomer": 1, "structure": 13, "start": 1142, "stop": 1164}}, {"model": "app.monomertostructure", "pk": 14, "fields": {"monomer": 1, "structure": 14, "start": 1165, "stop": 1179}}, {"model": "app.monomertostructure", "pk": 15, "fields": {"monomer": 2, "structure": 1, "start": 1, "stop": 29}}, {"model": "app.monomertostructure", "pk": 16, "fields": {"monomer": 2, "structure": 2, "start": 46, "stop": 108}}, {"model": "app.monomertostructure", "pk": 17, "fields": {"monomer": 2, "structure": 3, "start": 109, "stop": 169}}, {"model": "app.monomertostructure", "pk": 18, "fields": {"monomer": 2, "structure": 4, "start": 170, "stop": 366}}, {"model": "app.monomertostructure", "pk": 19, "fields": {"monomer": 2, "structure": 5, "start": 367, "stop": 431}}, {"model": "app.monomertostructure", "pk": 20, "fields": {"monomer": 2, "structure": 6, "start": 432, "stop": 485}}, {"model": "app.monomertostructure", "pk": 21, "fields": {"monomer": 2, "structure": 7, "start": 486, "stop": 550}}, {"model": "app.monomertostructure", "pk": 22, "fields": {"monomer": 2, "structure": 8, "start": 551, "stop": 612}}, {"model": "app.monomertostructure", "pk": 23, "fields": {"monomer": 2, "structure": 9, "start": 613, "stop": 650}}, {"model": "app.monomertostructure", "pk": 24, "fields": {"monomer": 2, "structure": 10, "start": 651, "stop": 796}}, {"model": "app.monomertostructure", "pk": 25, "fields": {"monomer": 2, "structure": 11, "start": 797, "stop": 967}}, {"model": "app.monomertostructure", "pk": 26, "fields": {"monomer": 2, "structure": 12, "start": 968, "stop": 1129}}, {"model": "app.monomertostructure", "pk": 27, "fields": {"monomer": 2, "structure": 13, "start": 1133, "stop": 1154}}, {"model": "app.monomertostructure", "pk": 28, "fields": {"monomer": 2, "structure": 14, "start": 1155, "stop": 1181}}, {"model": "app.monomertostructure", "pk": 29, "fields": {"monomer": 3, "structure": 1, "start": 1, "stop": 32}}, {"model": "app.monomertostructure", "pk": 30, "fields": {"monomer": 3, "structure": 2, "start": 51, "stop": 121}}, {"model": "app.monomertostructure", "pk": 31, "fields": {"monomer": 3, "structure": 3, "start": 122, "stop": 183}}, {"model": "app.monomertostructure", "pk": 32, "fields": {"monomer": 3, "structure": 5, "start": 184, "stop": 246}}, {"model": "app.monomertostructure", "pk": 33, "fields": {"monomer": 3, "structure": 6, "start": 247, "stop": 303}}, {"model": "app.monomertostructure", "pk": 34, "fields": {"monomer": 3, "structure": 7, "start": 304, "stop": 365}}, {"model": "app.monomertostructure", "pk": 35, "fields": {"monomer": 3, "structure": 8, "start": 366, "stop": 426}}, {"model": "app.monomertostructure", "pk": 36, "fields": {"monomer": 3, "structure": 9, "start": 427, "stop": 462}}, {"model": "app.monomertostructure", "pk": 37, "fields": {"monomer": 3, "structure": 10, "start": 463, "stop": 615}}, {"model": "app.monomertostructure", "pk": 38, "fields": {"monomer": 3, "structure": 11, "start": 616, "stop": 757}}, {"model": "app.monomertostructure", "pk": 39, "fields": {"monomer": 3, "structure": 12, "start": 758, "stop": 983}}, {"model": "app.monomertostructure", "pk": 40, "fields": {"monomer": 3, "structure": 13, "start": 992, "stop": 1014}}, {"model": "app.monomertostructure", "pk": 41, "fields": {"monomer": 3, "structure": 14, "start": 1015, "stop": 1051}}, {"model": "app.monomertostructure", "pk": 42, "fields": {"monomer": 4, "structure": 1, "start": 1, "stop": 33}}, {"model": "app.monomertostructure", "pk": 43, "fields": {"monomer": 4, "structure": 2, "start": 50, "stop": 112}}, {"model": "app.monomertostructure", "pk": 44, "fields": {"monomer": 4, "structure": 3, "start": 113, "stop": 190}}, {"model": "app.monomertostructure", "pk": 45, "fields": {"monomer": 4, "structure": 5, "start": 191, "stop": 245}}, {"model": "app.monomertostructure", "pk": 46, "fields": {"monomer": 4, "structure": 6, "start": 246, "stop": 302}}, {"model": "app.monomertostructure", "pk": 47, "fields": {"monomer": 4, "structure": 7, "start": 303, "stop": 365}}, {"model": "app.monomertostructure", "pk": 48, "fields": {"monomer": 4, "structure": 8, "start": 366, "stop": 424}}, {"model": "app.monomertostructure", "pk": 49, "fields": {"monomer": 4, "structure": 9, "start": 425, "stop": 463}}, {"model": "app.monomertostructure", "pk": 50, "fields": {"monomer": 4, "structure": 10, "start": 464, "stop": 620}}, {"model": "app.monomertostructure", "pk": 51, "fields": {"monomer": 4, "structure": 11, "start": 621, "stop": 767}}, {"model": "app.monomertostructure", "pk": 52, "fields": {"monomer": 4, "structure": 12, "start": 768, "stop": 970}}, {"model": "app.monomertostructure", "pk": 53, "fields": {"monomer": 4, "structure": 13, "start": 978, "stop": 1001}}, {"model": "app.monomertostructure", "pk": 54, "fields": {"monomer": 4, "structure": 14, "start": 1002, "stop": 1032}}, {"model": "app.monomertostructure", "pk": 55, "fields": {"monomer": 5, "structure": 1, "start": 1, "stop": 41}}, {"model": "app.monomertostructure", "pk": 56, "fields": {"monomer": 5, "structure": 2, "start": 56, "stop": 126}}, {"model": "app.monomertostructure", "pk": 57, "fields": {"monomer": 5, "structure": 3, "start": 127, "stop": 198}}, {"model": "app.monomertostructure", "pk": 58, "fields": {"monomer": 5, "structure": 5, "start": 199, "stop": 268}}, {"model": "app.monomertostructure", "pk": 59, "fields": {"monomer": 5, "structure": 6, "start": 269, "stop": 322}}, {"model": "app.monomertostructure", "pk": 60, "fields": {"monomer": 5, "structure": 7, "start": 323, "stop": 387}}, {"model": "app.monomertostructure", "pk": 61, "fields": {"monomer": 5, "structure": 8, "start": 388, "stop": 449}}, {"model": "app.monomertostructure", "pk": 62, "fields": {"monomer": 5, "structure": 9, "start": 450, "stop": 489}}, {"model": "app.monomertostructure", "pk": 63, "fields": {"monomer": 5, "structure": 10, "start": 490, "stop": 645}}, {"model": "app.monomertostructure", "pk": 64, "fields": {"monomer": 5, "structure": 11, "start": 646, "stop": 787}}, {"model": "app.monomertostructure", "pk": 65, "fields": {"monomer": 5, "structure": 12, "start": 788, "stop": 991}}, {"model": "app.monomertostructure", "pk": 66, "fields": {"monomer": 5, "structure": 13, "start": 996, "stop": 1021}}, {"model": "app.monomertostructure", "pk": 67, "fields": {"monomer": 5, "structure": 14, "start": 1022, "stop": 1049}}, {"model": "app.monomertostructure", "pk": 68, "fields": {"monomer": 6, "structure": 1, "start": 1, "stop": 23}}, {"model": "app.monomertostructure", "pk": 69, "fields": {"monomer": 6, "structure": 2, "start": 43, "stop": 112}}, {"model": "app.monomertostructure", "pk": 70, "fields": {"monomer": 6, "structure": 3, "start": 113, "stop": 175}}, {"model": "app.monomertostructure", "pk": 71, "fields": {"monomer": 6, "structure": 5, "start": 176, "stop": 293}}, {"model": "app.monomertostructure", "pk": 72, "fields": {"monomer": 6, "structure": 6, "start": 294, "stop": 351}}, {"model": "app.monomertostructure", "pk": 73, "fields": {"monomer": 6, "structure": 7, "start": 352, "stop": 412}}, {"model": "app.monomertostructure", "pk": 74, "fields": {"monomer": 6, "structure": 8, "start": 413, "stop": 467}}, {"model": "app.monomertostructure", "pk": 75, "fields": {"monomer": 6, "structure": 9, "start": 468, "stop": 503}}, {"model": "app.monomertostructure", "pk": 76, "fields": {"monomer": 6, "structure": 10, "start": 504, "stop": 665}}, {"model": "app.monomertostructure", "pk": 77, "fields": {"monomer": 6, "structure": 11, "start": 666, "stop": 831}}, {"model": "app.monomertostructure", "pk": 78, "fields": {"monomer": 6, "structure": 12, "start": 832, "stop": 1045}}, {"model": "app.monomertostructure", "pk": 79, "fields": {"monomer": 6, "structure": 13, "start": 1051, "stop": 1076}}, {"model": "app.monomertostructure", "pk": 80, "fields": {"monomer": 6, "structure": 14, "start": 1077, "stop": 1130}}, {"model": "app.monomertostructure", "pk": 81, "fields": {"monomer": 7, "structure": 1, "start": 1, "stop": 33}}, {"model": "app.monomertostructure", "pk": 82, "fields": {"monomer": 7, "structure": 2, "start": 51, "stop": 121}}, {"model": "app.monomertostructure", "pk": 83, "fields": {"monomer": 7, "structure": 3, "start": 122, "stop": 184}}, {"model": "app.monomertostructure", "pk": 84, "fields": {"monomer": 7, "structure": 5, "start": 185, "stop": 303}}, {"model": "app.monomertostructure", "pk": 85, "fields": {"monomer": 7, "structure": 6, "start": 304, "stop": 360}}, {"model": "app.monomertostructure", "pk": 86, "fields": {"monomer": 7, "structure": 7, "start": 361, "stop": 421}}, {"model": "app.monomertostructure", "pk": 87, "fields": {"monomer": 7, "structure": 8, "start": 422, "stop": 476}}, {"model": "app.monomertostructure", "pk": 88, "fields": {"monomer": 7, "structure": 9, "start": 477, "stop": 515}}, {"model": "app.monomertostructure", "pk": 89, "fields": {"monomer": 7, "structure": 10, "start": 516, "stop": 681}}, {"model": "app.monomertostructure", "pk": 90, "fields": {"monomer": 7, "structure": 11, "start": 682, "stop": 846}}, {"model": "app.monomertostructure", "pk": 91, "fields": {"monomer": 7, "structure": 12, "start": 847, "stop": 1073}}, {"model": "app.monomertostructure", "pk": 92, "fields": {"monomer": 7, "structure": 13, "start": 1083, "stop": 1103}}, {"model": "app.monomertostructure", "pk": 93, "fields": {"monomer": 7, "structure": 14, "start": 1104, "stop": 1181}}, {"model": "app.monomertostructure", "pk": 94, "fields": {"monomer": 8, "structure": 1, "start": 1, "stop": 38}}, {"model": "app.monomertostructure", "pk": 95, "fields": {"monomer": 8, "structure": 2, "start": 53, "stop": 117}}, {"model": "app.monomertostructure", "pk": 96, "fields": {"monomer": 8, "structure": 3, "start": 118, "stop": 192}}, {"model": "app.monomertostructure", "pk": 97, "fields": {"monomer": 8, "structure": 5, "start": 193, "stop": 263}}, {"model": "app.monomertostructure", "pk": 98, "fields": {"monomer": 8, "structure": 6, "start": 264, "stop": 317}}, {"model": "app.monomertostructure", "pk": 99, "fields": {"monomer": 8, "structure": 7, "start": 318, "stop": 381}}, {"model": "app.monomertostructure", "pk": 100, "fields": {"monomer": 8, "structure": 8, "start": 382, "stop": 443}}, {"model": "app.monomertostructure", "pk": 101, "fields": {"monomer": 8, "structure": 9, "start": 444, "stop": 483}}, {"model": "app.monomertostructure", "pk": 102, "fields": {"monomer": 8, "structure": 10, "start": 484, "stop": 642}}, {"model": "app.monomertostructure", "pk": 103, "fields": {"monomer": 8, "structure": 11, "start": 643, "stop": 782}}, {"model": "app.monomertostructure", "pk": 104, "fields": {"monomer": 8, "structure": 12, "start": 783, "stop": 1004}}, {"model": "app.monomertostructure", "pk": 105, "fields": {"monomer": 8, "structure": 13, "start": 1013, "stop": 1033}}, {"model": "app.monomertostructure", "pk": 106, "fields": {"monomer": 8, "structure": 14, "start": 1034, "stop": 1063}}, {"model": "app.monomertostructure", "pk": 107, "fields": {"monomer": 9, "structure": 1, "start": 1, "stop": 29}}, {"model": "app.monomertostructure", "pk": 108, "fields": {"monomer": 9, "structure": 2, "start": 46, "stop": 110}}, {"model": "app.monomertostructure", "pk": 109, "fields": {"monomer": 9, "structure": 3, "start": 111, "stop": 186}}, {"model": "app.monomertostructure", "pk": 110, "fields": {"monomer": 9, "structure": 5, "start": 187, "stop": 241}}, {"model": "app.monomertostructure", "pk": 111, "fields": {"monomer": 9, "structure": 6, "start": 242, "stop": 300}}, {"model": "app.monomertostructure", "pk": 112, "fields": {"monomer": 9, "structure": 7, "start": 301, "stop": 361}}, {"model": "app.monomertostructure", "pk": 113, "fields": {"monomer": 9, "structure": 8, "start": 362, "stop": 420}}, {"model": "app.monomertostructure", "pk": 114, "fields": {"monomer": 9, "structure": 9, "start": 421, "stop": 459}}, {"model": "app.monomertostructure", "pk": 115, "fields": {"monomer": 9, "structure": 10, "start": 460, "stop": 618}}, {"model": "app.monomertostructure", "pk": 116, "fields": {"monomer": 9, "structure": 11, "start": 619, "stop": 762}}, {"model": "app.monomertostructure", "pk": 117, "fields": {"monomer": 9, "structure": 12, "start": 763, "stop": 972}}, {"model": "app.monomertostructure", "pk": 118, "fields": {"monomer": 9, "structure": 13, "start": 982, "stop": 1002}}, {"model": "app.monomertostructure", "pk": 119, "fields": {"monomer": 9, "structure": 14, "start": 1003, "stop": 1035}}, {"model": "app.monomertostructure", "pk": 120, "fields": {"monomer": 10, "structure": 1, "start": 1, "stop": 22}}, {"model": "app.monomertostructure", "pk": 121, "fields": {"monomer": 10, "structure": 2, "start": 40, "stop": 101}}, {"model": "app.monomertostructure", "pk": 122, "fields": {"monomer": 10, "structure": 3, "start": 102, "stop": 161}}, {"model": "app.monomertostructure", "pk": 123, "fields": {"monomer": 10, "structure": 4, "start": 162, "stop": 366}}, {"model": "app.monomertostructure", "pk": 124, "fields": {"monomer": 10, "structure": 5, "start": 367, "stop": 423}}, {"model": "app.monomertostructure", "pk": 125, "fields": {"monomer": 10, "structure": 6, "start": 424, "stop": 482}}, {"model": "app.monomertostructure", "pk": 126, "fields": {"monomer": 10, "structure": 7, "start": 483, "stop": 546}}, {"model": "app.monomertostructure", "pk": 127, "fields": {"monomer": 10, "structure": 8, "start": 547, "stop": 606}}, {"model": "app.monomertostructure", "pk": 128, "fields": {"monomer": 10, "structure": 9, "start": 607, "stop": 643}}, {"model": "app.monomertostructure", "pk": 129, "fields": {"monomer": 10, "structure": 10, "start": 644, "stop": 792}}, {"model": "app.monomertostructure", "pk": 130, "fields": {"monomer": 10, "structure": 11, "start": 793, "stop": 935}}, {"model": "app.monomertostructure", "pk": 131, "fields": {"monomer": 10, "structure": 12, "start": 936, "stop": 1119}}, {"model": "app.monomertostructure", "pk": 132, "fields": {"monomer": 10, "structure": 13, "start": 1123, "stop": 1145}}, {"model": "app.monomertostructure", "pk": 133, "fields": {"monomer": 10, "structure": 14, "start": 1146, "stop": 1167}}, {"model": "app.monomertostructure", "pk": 134, "fields": {"monomer": 11, "structure": 1, "start": 1, "stop": 22}}, {"model": "app.monomertostructure", "pk": 135, "fields": {"monomer": 11, "structure": 2, "start": 39, "stop": 98}}, {"model": "app.monomertostructure", "pk": 136, "fields": {"monomer": 11, "structure": 3, "start": 99, "stop": 158}}, {"model": "app.monomertostructure", "pk": 137, "fields": {"monomer": 11, "structure": 4, "start": 159, "stop": 360}}, {"model": "app.monomertostructure", "pk": 138, "fields": {"monomer": 11, "structure": 5, "start": 361, "stop": 418}}, {"model": "app.monomertostructure", "pk": 139, "fields": {"monomer": 11, "structure": 6, "start": 419, "stop": 476}}, {"model": "app.monomertostructure", "pk": 140, "fields": {"monomer": 11, "structure": 7, "start": 477, "stop": 538}}, {"model": "app.monomertostructure", "pk": 141, "fields": {"monomer": 11, "structure": 8, "start": 539, "stop": 599}}, {"model": "app.monomertostructure", "pk": 142, "fields": {"monomer": 11, "structure": 9, "start": 600, "stop": 635}}, {"model": "app.monomertostructure", "pk": 143, "fields": {"monomer": 11, "structure": 10, "start": 636, "stop": 782}}, {"model": "app.monomertostructure", "pk": 144, "fields": {"monomer": 11, "structure": 11, "start": 783, "stop": 951}}, {"model": "app.monomertostructure", "pk": 145, "fields": {"monomer": 11, "structure": 12, "start": 952, "stop": 1136}}, {"model": "app.monomertostructure", "pk": 146, "fields": {"monomer": 11, "structure": 13, "start": 1142, "stop": 1164}}, {"model": "app.monomertostructure", "pk": 147, "fields": {"monomer": 11, "structure": 14, "start": 1165, "stop": 1188}}, {"model": "app.monomertostructure", "pk": 148, "fields": {"monomer": 12, "structure": 1, "start": 1, "stop": 17}}, {"model": "app.monomertostructure", "pk": 149, "fields": {"monomer": 12, "structure": 2, "start": 33, "stop": 83}}, {"model": "app.monomertostructure", "pk": 150, "fields": {"monomer": 12, "structure": 3, "start": 84, "stop": 144}}, {"model": "app.monomertostructure", "pk": 151, "fields": {"monomer": 12, "structure": 4, "start": 145, "stop": 344}}, {"model": "app.monomertostructure", "pk": 152, "fields": {"monomer": 12, "structure": 5, "start": 345, "stop": 396}}, {"model": "app.monomertostructure", "pk": 153, "fields": {"monomer": 12, "structure": 6, "start": 397, "stop": 453}}, {"model": "app.monomertostructure", "pk": 154, "fields": {"monomer": 12, "structure": 7, "start": 454, "stop": 516}}, {"model": "app.monomertostructure", "pk": 155, "fields": {"monomer": 12, "structure": 8, "start": 517, "stop": 578}}, {"model": "app.monomertostructure", "pk": 156, "fields": {"monomer": 12, "structure": 9, "start": 579, "stop": 615}}, {"model": "app.monomertostructure", "pk": 157, "fields": {"monomer": 12, "structure": 10, "start": 616, "stop": 769}}, {"model": "app.monomertostructure", "pk": 158, "fields": {"monomer": 12, "structure": 11, "start": 770, "stop": 917}}, {"model": "app.monomertostructure", "pk": 159, "fields": {"monomer": 12, "structure": 12, "start": 918, "stop": 1096}}, {"model": "app.monomertostructure", "pk": 160, "fields": {"monomer": 12, "structure": 13, "start": 1100, "stop": 1120}}, {"model": "app.monomertostructure", "pk": 161, "fields": {"monomer": 12, "structure": 14, "start": 1121, "stop": 1161}}, {"model": "app.monomertostructure", "pk": 162, "fields": {"monomer": 13, "structure": 1, "start": 1, "stop": 18}}, {"model": "app.monomertostructure", "pk": 163, "fields": {"monomer": 13, "structure": 2, "start": 22, "stop": 79}}, {"model": "app.monomertostructure", "pk": 164, "fields": {"monomer": 13, "structure": 3, "start": 80, "stop": 138}}, {"model": "app.monomertostructure", "pk": 165, "fields": {"monomer": 13, "structure": 4, "start": 197, "stop": 395}}, {"model": "app.monomertostructure", "pk": 166, "fields": {"monomer": 13, "structure": 5, "start": 396, "stop": 453}}, {"model": "app.monomertostructure", "pk": 167, "fields": {"monomer": 13, "structure": 6, "start": 454, "stop": 510}}, {"model": "app.monomertostructure", "pk": 168, "fields": {"monomer": 13, "structure": 7, "start": 511, "stop": 573}}, {"model": "app.monomertostructure", "pk": 169, "fields": {"monomer": 13, "structure": 8, "start": 574, "stop": 641}}, {"model": "app.monomertostructure", "pk": 170, "fields": {"monomer": 13, "structure": 9, "start": 642, "stop": 677}}, {"model": "app.monomertostructure", "pk": 171, "fields": {"monomer": 13, "structure": 10, "start": 678, "stop": 825}}, {"model": "app.monomertostructure", "pk": 172, "fields": {"monomer": 13, "structure": 11, "start": 826, "stop": 963}}, {"model": "app.monomertostructure", "pk": 173, "fields": {"monomer": 13, "structure": 12, "start": 964, "stop": 1120}}, {"model": "app.monomertostructure", "pk": 174, "fields": {"monomer": 13, "structure": 13, "start": 1125, "stop": 1147}}, {"model": "app.monomertostructure", "pk": 175, "fields": {"monomer": 13, "structure": 14, "start": 1148, "stop": 1179}}, {"model": "app.monomertostructure", "pk": 176, "fields": {"monomer": 14, "structure": 1, "start": 1, "stop": 25}}, {"model": "app.monomertostructure", "pk": 177, "fields": {"monomer": 14, "structure": 2, "start": 31, "stop": 82}}, {"model": "app.monomertostructure", "pk": 178, "fields": {"monomer": 14, "structure": 3, "start": 83, "stop": 150}}, {"model": "app.monomertostructure", "pk": 179, "fields": {"monomer": 14, "structure": 4, "start": 151, "stop": 330}}, {"model": "app.monomertostructure", "pk": 180, "fields": {"monomer": 14, "structure": 5, "start": 331, "stop": 391}}, {"model": "app.monomertostructure", "pk": 181, "fields": {"monomer": 14, "structure": 6, "start": 392, "stop": 445}}, {"model": "app.monomertostructure", "pk": 182, "fields": {"monomer": 14, "structure": 7, "start": 446, "stop": 506}}, {"model": "app.monomertostructure", "pk": 183, "fields": {"monomer": 14, "structure": 8, "start": 507, "stop": 565}}, {"model": "app.monomertostructure", "pk": 184, "fields": {"monomer": 14, "structure": 9, "start": 566, "stop": 613}}, {"model": "app.monomertostructure", "pk": 185, "fields": {"monomer": 14, "structure": 10, "start": 614, "stop": 772}}, {"model": "app.monomertostructure", "pk": 186, "fields": {"monomer": 14, "structure": 11, "start": 773, "stop": 919}}, {"model": "app.monomertostructure", "pk": 187, "fields": {"monomer": 14, "structure": 12, "start": 920, "stop": 1090}}, {"model": "app.monomertostructure", "pk": 188, "fields": {"monomer": 14, "structure": 13, "start": 1091, "stop": 1111}}, {"model": "app.monomertostructure", "pk": 189, "fields": {"monomer": 14, "structure": 14, "start": 1112, "stop": 1170}}, {"model": "app.monomertostructure", "pk": 190, "fields": {"monomer": 15, "structure": 1, "start": 1, "stop": 16}}, {"model": "app.monomertostructure", "pk": 191, "fields": {"monomer": 15, "structure": 2, "start": 32, "stop": 82}}, {"model": "app.monomertostructure", "pk": 192, "fields": {"monomer": 15, "structure": 3, "start": 83, "stop": 144}}, {"model": "app.monomertostructure", "pk": 193, "fields": {"monomer": 15, "structure": 4, "start": 145, "stop": 344}}, {"model": "app.monomertostructure", "pk": 194, "fields": {"monomer": 15, "structure": 5, "start": 345, "stop": 396}}, {"model": "app.monomertostructure", "pk": 195, "fields": {"monomer": 15, "structure": 6, "start": 397, "stop": 453}}, {"model": "app.monomertostructure", "pk": 196, "fields": {"monomer": 15, "structure": 7, "start": 454, "stop": 516}}, {"model": "app.monomertostructure", "pk": 197, "fields": {"monomer": 15, "structure": 8, "start": 517, "stop": 578}}, {"model": "app.monomertostructure", "pk": 198, "fields": {"monomer": 15, "structure": 9, "start": 579, "stop": 615}}, {"model": "app.monomertostructure", "pk": 199, "fields": {"monomer": 15, "structure": 10, "start": 616, "stop": 771}}, {"model": "app.monomertostructure", "pk": 200, "fields": {"monomer": 15, "structure": 11, "start": 772, "stop": 919}}, {"model": "app.monomertostructure", "pk": 201, "fields": {"monomer": 15, "structure": 12, "start": 920, "stop": 1101}}, {"model": "app.monomertostructure", "pk": 202, "fields": {"monomer": 15, "structure": 13, "start": 1105, "stop": 1128}}, {"model": "app.monomertostructure", "pk": 203, "fields": {"monomer": 15, "structure": 14, "start": 1129, "stop": 1152}}, {"model": "app.monomertostructure", "pk": 204, "fields": {"monomer": 16, "structure": 1, "start": 1, "stop": 30}}, {"model": "app.monomertostructure", "pk": 205, "fields": {"monomer": 16, "structure": 2, "start": 45, "stop": 107}}, {"model": "app.monomertostructure", "pk": 206, "fields": {"monomer": 16, "structure": 3, "start": 108, "stop": 177}}, {"model": "app.monomertostructure", "pk": 207, "fields": {"monomer": 16, "structure": 5, "start": 178, "stop": 248}}, {"model": "app.monomertostructure", "pk": 208, "fields": {"monomer": 16, "structure": 6, "start": 249, "stop": 302}}, {"model": "app.monomertostructure", "pk": 209, "fields": {"monomer": 16, "structure": 7, "start": 303, "stop": 365}}, {"model": "app.monomertostructure", "pk": 210, "fields": {"monomer": 16, "structure": 8, "start": 366, "stop": 427}}, {"model": "app.monomertostructure", "pk": 211, "fields": {"monomer": 16, "structure": 9, "start": 428, "stop": 467}}, {"model": "app.monomertostructure", "pk": 212, "fields": {"monomer": 16, "structure": 10, "start": 468, "stop": 627}}, {"model": "app.monomertostructure", "pk": 213, "fields": {"monomer": 16, "structure": 11, "start": 628, "stop": 767}}, {"model": "app.monomertostructure", "pk": 214, "fields": {"monomer": 16, "structure": 12, "start": 768, "stop": 986}}, {"model": "app.monomertostructure", "pk": 215, "fields": {"monomer": 16, "structure": 13, "start": 993, "stop": 1016}}, {"model": "app.monomertostructure", "pk": 216, "fields": {"monomer": 16, "structure": 14, "start": 1017, "stop": 1048}}, {"model": "app.monomertostructure", "pk": 217, "fields": {"monomer": 17, "structure": 1, "start": 1, "stop": 31}}, {"model": "app.monomertostructure", "pk": 218, "fields": {"monomer": 17, "structure": 2, "start": 35, "stop": 100}}, {"model": "app.monomertostructure", "pk": 219, "fields": {"monomer": 17, "structure": 3, "start": 101, "stop": 179}}, {"model": "app.monomertostructure", "pk": 220, "fields": {"monomer": 17, "structure": 5, "start": 180, "stop": 256}}, {"model": "app.monomertostructure", "pk": 221, "fields": {"monomer": 17, "structure": 6, "start": 257, "stop": 315}}, {"model": "app.monomertostructure", "pk": 222, "fields": {"monomer": 17, "structure": 7, "start": 316, "stop": 382}}, {"model": "app.monomertostructure", "pk": 223, "fields": {"monomer": 17, "structure": 8, "start": 383, "stop": 444}}, {"model": "app.monomertostructure", "pk": 224, "fields": {"monomer": 17, "structure": 9, "start": 445, "stop": 481}}, {"model": "app.monomertostructure", "pk": 225, "fields": {"monomer": 17, "structure": 10, "start": 482, "stop": 638}}, {"model": "app.monomertostructure", "pk": 226, "fields": {"monomer": 17, "structure": 11, "start": 639, "stop": 775}}, {"model": "app.monomertostructure", "pk": 227, "fields": {"monomer": 17, "structure": 12, "start": 776, "stop": 990}}, {"model": "app.monomertostructure", "pk": 228, "fields": {"monomer": 17, "structure": 13, "start": 994, "stop": 1019}}, {"model": "app.monomertostructure", "pk": 229, "fields": {"monomer": 17, "structure": 14, "start": 1020, "stop": 1039}}, {"model": "app.monomertostructure", "pk": 230, "fields": {"monomer": 18, "structure": 1, "start": 1, "stop": 19}}, {"model": "app.monomertostructure", "pk": 231, "fields": {"monomer": 18, "structure": 2, "start": 35, "stop": 85}}, {"model": "app.monomertostructure", "pk": 232, "fields": {"monomer": 18, "structure": 3, "start": 86, "stop": 145}}, {"model": "app.monomertostructure", "pk": 233, "fields": {"monomer": 18, "structure": 4, "start": 146, "stop": 345}}, {"model": "app.monomertostructure", "pk": 234, "fields": {"monomer": 18, "structure": 5, "start": 346, "stop": 397}}, {"model": "app.monomertostructure", "pk": 235, "fields": {"monomer": 18, "structure": 6, "start": 398, "stop": 454}}, {"model": "app.monomertostructure", "pk": 236, "fields": {"monomer": 18, "structure": 7, "start": 455, "stop": 517}}, {"model": "app.monomertostructure", "pk": 237, "fields": {"monomer": 18, "structure": 8, "start": 518, "stop": 579}}, {"model": "app.monomertostructure", "pk": 238, "fields": {"monomer": 18, "structure": 9, "start": 580, "stop": 616}}, {"model": "app.monomertostructure", "pk": 239, "fields": {"monomer": 18, "structure": 10, "start": 617, "stop": 772}}, {"model": "app.monomertostructure", "pk": 240, "fields": {"monomer": 18, "structure": 11, "start": 773, "stop": 920}}, {"model": "app.monomertostructure", "pk": 241, "fields": {"monomer": 18, "structure": 12, "start": 921, "stop": 1101}}, {"model": "app.monomertostructure", "pk": 242, "fields": {"monomer": 18, "structure": 13, "start": 1108, "stop": 1128}}, {"model": "app.monomertostructure", "pk": 243, "fields": {"monomer": 18, "structure": 14, "start": 1129, "stop": 1163}}, {"model": "app.monomertostructure", "pk": 244, "fields": {"monomer": 19, "structure": 15, "start": 1, "stop": 20}}, {"model": "app.monomertostructure", "pk": 245, "fields": {"monomer": 19, "structure": 16, "start": 21, "stop": 82}}, {"model": "app.monomertostructure", "pk": 246, "fields": {"monomer": 19, "structure": 17, "start": 83, "stop": 139}}, {"model": "app.monomertostructure", "pk": 247, "fields": {"monomer": 19, "structure": 18, "start": 140, "stop": 381}}, {"model": "app.monomertostructure", "pk": 248, "fields": {"monomer": 19, "structure": 19, "start": 382, "stop": 462}}, {"model": "app.monomertostructure", "pk": 249, "fields": {"monomer": 19, "structure": 20, "start": 469, "stop": 515}}, {"model": "app.monomertostructure", "pk": 250, "fields": {"monomer": 19, "structure": 21, "start": 516, "stop": 559}}, {"model": "app.monomertostructure", "pk": 251, "fields": {"monomer": 19, "structure": 22, "start": 560, "stop": 598}}, {"model": "app.monomertostructure", "pk": 252, "fields": {"monomer": 19, "structure": 23, "start": 599, "stop": 635}}, {"model": "app.monomertostructure", "pk": 253, "fields": {"monomer": 19, "structure": 24, "start": 636, "stop": 728}}, {"model": "app.monomertostructure", "pk": 254, "fields": {"monomer": 19, "structure": 25, "start": 729, "stop": 751}}, {"model": "app.monomertostructure", "pk": 255, "fields": {"monomer": 19, "structure": 26, "start": 752, "stop": 798}}, {"model": "app.monomertostructure", "pk": 256, "fields": {"monomer": 20, "structure": 15, "start": 1, "stop": 22}}, {"model": "app.monomertostructure", "pk": 257, "fields": {"monomer": 20, "structure": 16, "start": 23, "stop": 81}}, {"model": "app.monomertostructure", "pk": 258, "fields": {"monomer": 20, "structure": 17, "start": 82, "stop": 122}}, {"model": "app.monomertostructure", "pk": 259, "fields": {"monomer": 20, "structure": 18, "start": 123, "stop": 364}}, {"model": "app.monomertostructure", "pk": 260, "fields": {"monomer": 20, "structure": 19, "start": 365, "stop": 445}}, {"model": "app.monomertostructure", "pk": 261, "fields": {"monomer": 20, "structure": 20, "start": 449, "stop": 482}}, {"model": "app.monomertostructure", "pk": 262, "fields": {"monomer": 20, "structure": 21, "start": 483, "stop": 535}}, {"model": "app.monomertostructure", "pk": 263, "fields": {"monomer": 20, "structure": 22, "start": 536, "stop": 574}}, {"model": "app.monomertostructure", "pk": 264, "fields": {"monomer": 20, "structure": 23, "start": 575, "stop": 618}}, {"model": "app.monomertostructure", "pk": 265, "fields": {"monomer": 20, "structure": 24, "start": 619, "stop": 696}}, {"model": "app.monomertostructure", "pk": 266, "fields": {"monomer": 20, "structure": 25, "start": 701, "stop": 723}}, {"model": "app.monomertostructure", "pk": 267, "fields": {"monomer": 20, "structure": 26, "start": 724, "stop": 769}}, {"model": "app.monomertostructure", "pk": 268, "fields": {"monomer": 21, "structure": 15, "start": 1, "stop": 26}}, {"model": "app.monomertostructure", "pk": 269, "fields": {"monomer": 21, "structure": 16, "start": 27, "stop": 86}}, {"model": "app.monomertostructure", "pk": 270, "fields": {"monomer": 21, "structure": 17, "start": 87, "stop": 137}}, {"model": "app.monomertostructure", "pk": 271, "fields": {"monomer": 21, "structure": 18, "start": 138, "stop": 384}}, {"model": "app.monomertostructure", "pk": 272, "fields": {"monomer": 21, "structure": 19, "start": 385, "stop": 464}}, {"model": "app.monomertostructure", "pk": 273, "fields": {"monomer": 21, "structure": 20, "start": 472, "stop": 511}}, {"model": "app.monomertostructure", "pk": 274, "fields": {"monomer": 21, "structure": 21, "start": 512, "stop": 553}}, {"model": "app.monomertostructure", "pk": 275, "fields": {"monomer": 21, "structure": 22, "start": 554, "stop": 593}}, {"model": "app.monomertostructure", "pk": 276, "fields": {"monomer": 21, "structure": 23, "start": 594, "stop": 633}}, {"model": "app.monomertostructure", "pk": 277, "fields": {"monomer": 21, "structure": 24, "start": 634, "stop": 718}}, {"model": "app.monomertostructure", "pk": 278, "fields": {"monomer": 21, "structure": 25, "start": 719, "stop": 741}}, {"model": "app.monomertostructure", "pk": 279, "fields": {"monomer": 21, "structure": 26, "start": 742, "stop": 788}}, {"model": "app.monomertostructure", "pk": 280, "fields": {"monomer": 22, "structure": 15, "start": 1, "stop": 27}}, {"model": "app.monomertostructure", "pk": 281, "fields": {"monomer": 22, "structure": 16, "start": 28, "stop": 83}}, {"model": "app.monomertostructure", "pk": 282, "fields": {"monomer": 22, "structure": 17, "start": 84, "stop": 129}}, {"model": "app.monomertostructure", "pk": 283, "fields": {"monomer": 22, "structure": 18, "start": 130, "stop": 373}}, {"model": "app.monomertostructure", "pk": 284, "fields": {"monomer": 22, "structure": 19, "start": 374, "stop": 452}}, {"model": "app.monomertostructure", "pk": 285, "fields": {"monomer": 22, "structure": 20, "start": 460, "stop": 502}}, {"model": "app.monomertostructure", "pk": 286, "fields": {"monomer": 22, "structure": 21, "start": 503, "stop": 542}}, {"model": "app.monomertostructure", "pk": 287, "fields": {"monomer": 22, "structure": 22, "start": 543, "stop": 581}}, {"model": "app.monomertostructure", "pk": 288, "fields": {"monomer": 22, "structure": 23, "start": 582, "stop": 619}}, {"model": "app.monomertostructure", "pk": 289, "fields": {"monomer": 22, "structure": 24, "start": 620, "stop": 710}}, {"model": "app.monomertostructure", "pk": 290, "fields": {"monomer": 22, "structure": 25, "start": 711, "stop": 733}}, {"model": "app.monomertostructure", "pk": 291, "fields": {"monomer": 22, "structure": 26, "start": 734, "stop": 1822}}, {"model": "app.monomertostructure", "pk": 292, "fields": {"monomer": 23, "structure": 15, "start": 1, "stop": 23}}, {"model": "app.monomertostructure", "pk": 293, "fields": {"monomer": 23, "structure": 16, "start": 24, "stop": 85}}, {"model": "app.monomertostructure", "pk": 294, "fields": {"monomer": 23, "structure": 17, "start": 86, "stop": 137}}, {"model": "app.monomertostructure", "pk": 295, "fields": {"monomer": 23, "structure": 18, "start": 138, "stop": 385}}, {"model": "app.monomertostructure", "pk": 296, "fields": {"monomer": 23, "structure": 19, "start": 386, "stop": 466}}, {"model": "app.monomertostructure", "pk": 297, "fields": {"monomer": 23, "structure": 20, "start": 474, "stop": 512}}, {"model": "app.monomertostructure", "pk": 298, "fields": {"monomer": 23, "structure": 21, "start": 513, "stop": 554}}, {"model": "app.monomertostructure", "pk": 299, "fields": {"monomer": 23, "structure": 22, "start": 555, "stop": 593}}, {"model": "app.monomertostructure", "pk": 300, "fields": {"monomer": 23, "structure": 23, "start": 594, "stop": 630}}, {"model": "app.monomertostructure", "pk": 301, "fields": {"monomer": 23, "structure": 24, "start": 631, "stop": 719}}, {"model": "app.monomertostructure", "pk": 302, "fields": {"monomer": 23, "structure": 25, "start": 720, "stop": 742}}, {"model": "app.monomertostructure", "pk": 303, "fields": {"monomer": 23, "structure": 26, "start": 743, "stop": 799}}, {"model": "app.monomertostructure", "pk": 304, "fields": {"monomer": 24, "structure": 15, "start": 1, "stop": 21}}, {"model": "app.monomertostructure", "pk": 305, "fields": {"monomer": 24, "structure": 16, "start": 22, "stop": 79}}, {"model": "app.monomertostructure", "pk": 306, "fields": {"monomer": 24, "structure": 17, "start": 80, "stop": 129}}, {"model": "app.monomertostructure", "pk": 307, "fields": {"monomer": 24, "structure": 18, "start": 130, "stop": 373}}, {"model": "app.monomertostructure", "pk": 308, "fields": {"monomer": 24, "structure": 19, "start": 374, "stop": 452}}, {"model": "app.monomertostructure", "pk": 309, "fields": {"monomer": 24, "structure": 20, "start": 456, "stop": 501}}, {"model": "app.monomertostructure", "pk": 310, "fields": {"monomer": 24, "structure": 21, "start": 502, "stop": 543}}, {"model": "app.monomertostructure", "pk": 311, "fields": {"monomer": 24, "structure": 22, "start": 544, "stop": 582}}, {"model": "app.monomertostructure", "pk": 312, "fields": {"monomer": 24, "structure": 23, "start": 583, "stop": 619}}, {"model": "app.monomertostructure", "pk": 313, "fields": {"monomer": 24, "structure": 24, "start": 620, "stop": 709}}, {"model": "app.monomertostructure", "pk": 314, "fields": {"monomer": 24, "structure": 25, "start": 710, "stop": 730}}, {"model": "app.monomertostructure", "pk": 315, "fields": {"monomer": 24, "structure": 26, "start": 731, "stop": 788}}, {"model": "app.monomertostructure", "pk": 316, "fields": {"monomer": 25, "structure": 15, "start": 1, "stop": 19}}, {"model": "app.monomertostructure", "pk": 317, "fields": {"monomer": 25, "structure": 16, "start": 20, "stop": 99}}, {"model": "app.monomertostructure", "pk": 318, "fields": {"monomer": 25, "structure": 17, "start": 100, "stop": 148}}, {"model": "app.monomertostructure", "pk": 319, "fields": {"monomer": 25, "structure": 18, "start": 149, "stop": 392}}, {"model": "app.monomertostructure", "pk": 320, "fields": {"monomer": 25, "structure": 19, "start": 393, "stop": 474}}, {"model": "app.monomertostructure", "pk": 321, "fields": {"monomer": 25, "structure": 20, "start": 478, "stop": 526}}, {"model": "app.monomertostructure", "pk": 322, "fields": {"monomer": 25, "structure": 21, "start": 527, "stop": 565}}, {"model": "app.monomertostructure", "pk": 323, "fields": {"monomer": 25, "structure": 22, "start": 566, "stop": 604}}, {"model": "app.monomertostructure", "pk": 324, "fields": {"monomer": 25, "structure": 23, "start": 605, "stop": 640}}, {"model": "app.monomertostructure", "pk": 325, "fields": {"monomer": 25, "structure": 24, "start": 641, "stop": 723}}, {"model": "app.monomertostructure", "pk": 326, "fields": {"monomer": 25, "structure": 25, "start": 724, "stop": 746}}, {"model": "app.monomertostructure", "pk": 327, "fields": {"monomer": 25, "structure": 26, "start": 747, "stop": 798}}, {"model": "app.monomertostructure", "pk": 328, "fields": {"monomer": 26, "structure": 15, "start": 1, "stop": 42}}, {"model": "app.monomertostructure", "pk": 329, "fields": {"monomer": 26, "structure": 16, "start": 43, "stop": 105}}, {"model": "app.monomertostructure", "pk": 330, "fields": {"monomer": 26, "structure": 17, "start": 106, "stop": 146}}, {"model": "app.monomertostructure", "pk": 331, "fields": {"monomer": 26, "structure": 18, "start": 147, "stop": 391}}, {"model": "app.monomertostructure", "pk": 332, "fields": {"monomer": 26, "structure": 19, "start": 392, "stop": 472}}, {"model": "app.monomertostructure", "pk": 333, "fields": {"monomer": 26, "structure": 20, "start": 480, "stop": 510}}, {"model": "app.monomertostructure", "pk": 334, "fields": {"monomer": 26, "structure": 21, "start": 511, "stop": 552}}, {"model": "app.monomertostructure", "pk": 335, "fields": {"monomer": 26, "structure": 22, "start": 553, "stop": 593}}, {"model": "app.monomertostructure", "pk": 336, "fields": {"monomer": 26, "structure": 23, "start": 594, "stop": 629}}, {"model": "app.monomertostructure", "pk": 337, "fields": {"monomer": 26, "structure": 24, "start": 630, "stop": 684}}, {"model": "app.monomertostructure", "pk": 338, "fields": {"monomer": 26, "structure": 25, "start": 685, "stop": 704}}, {"model": "app.monomertostructure", "pk": 339, "fields": {"monomer": 26, "structure": 26, "start": 705, "stop": 769}}, {"model": "app.protein", "pk": 1, "fields": {"uniprot": "P56199", "species": "Homo sapiens (Human)"}}, {"model": "app.protein", "pk": 2, "fields": {"uniprot": "P17301", "species": "Homo sapiens (Human)"}}, {"model": "app.protein", "pk": 3, "fields": {"uniprot": "P26006", "species": "Homo sapiens (Human)"}}, {"model": "app.protein", "pk": 4, "fields": {"uniprot": "P13612", "species": "Homo sapiens (Human)"}}, {"model": "app.protein", "pk": 5, "fields": {"uniprot": "P08648", "species": "Homo sapiens (Human)"}}, {"model": "app.protein", "pk": 6, "fields": {"uniprot": "P23229", "species": "Homo sapiens (Human)"}}, {"model": "app.protein", "pk": 7, "fields": {"uniprot": "Q13683", "species": "Homo sapiens (Human)"}}, {"model": "app.protein", "pk": 8, "fields": {"uniprot": "P53708", "species": "Homo sapiens (Human)"}}, {"model": "app.protein", "pk": 9, "fields": {"uniprot": "Q13797", "species": "Homo sapiens (Human)"}}, {"model": "app.protein", "pk": 10, "fields": {"uniprot": "O75578", "species": "Homo sapiens (Human)"}}, {"model": "app.protein", "pk": 11, "fields": {"uniprot": "Q9UKX5", "species": "Homo sapiens (Human)"}}, {"model": "app.protein", "pk": 12, "fields": {"uniprot": "Q13349", "species": "Homo sapiens (Human)"}}, {"model": "app.protein", "pk": 13, "fields": {"uniprot": "P38570", "species": "Homo sapiens (Human)"}}, {"model": "app.protein", "pk": 14, "fields": {"uniprot": "P20701", "species": "Homo sapiens (Human)"}}, {"model": "app.protein", "pk": 15, "fields": {"uniprot": "P11215", "species": "Homo sapiens (Human)"}}, {"model": "app.protein", "pk": 16, "fields": {"uniprot": "P06756", "species": "Homo sapiens (Human)"}}, {"model": "app.protein", "pk": 17, "fields": {"uniprot": "P08514", "species": "Homo sapiens (Human)"}}, {"model": "app.protein", "pk": 18, "fields": {"uniprot": "P20702", "species": "Homo sapiens (Human)"}}, {"model": "app.protein", "pk": 19, "fields": {"uniprot": "P05556", "species": "Homo sapiens (Human)"}}, {"model": "app.protein", "pk": 20, "fields": {"uniprot": "P05107", "species": "Homo sapiens (Human)"}}, {"model": "app.protein", "pk": 21, "fields": {"uniprot": "P05106", "species": "Homo sapiens (Human)"}}, {"model": "app.protein", "pk": 22, "fields": {"uniprot": "P16144", "species": "Homo sapiens (Human)"}}, {"model": "app.protein", "pk": 23, "fields": {"uniprot": "P18084", "species": "Homo sapiens (Human)"}}, {"model": "app.protein", "pk": 24, "fields": {"uniprot": "P18564", "species": "Homo sapiens (Human)"}}, {"model": "app.protein", "pk": 25, "fields": {"uniprot": "P26010", "species": "Homo sapiens (Human)"}}, {"model": "app.protein", "pk": 26, "fields": {"uniprot": "P26012", "species": "Homo sapiens (Human)"}}, {"model": "app.structure", "pk": 1, "fields": {"short": "SPa", "name": "signal peptide"}}, {"model": "app.structure", "pk": 2, "fields": {"short": "bP1", "name": "beta-propeller subunit 1"}}, {"model": "app.structure", "pk": 3, "fields": {"short": "bP2", "name": "beta-propeller subunit 2"}}, {"model": "app.structure", "pk": 4, "fields": {"short": "alpha-I", "name": "Inserted interaction domain alpha-I"}}, {"model": "app.structure", "pk": 5, "fields": {"short": "bP3", "name": "beta-propeller subunit 3"}}, {"model": "app.structure", "pk": 6, "fields": {"short": "bP4", "name": "beta-propeller subunit 4"}}, {"model": "app.structure", "pk": 7, "fields": {"short": "bP5", "name": "beta-propeller subunit 5"}}, {"model": "app.structure", "pk": 8, "fields": {"short": "bP6", "name": "beta-propeller subunit 6"}}, {"model": "app.structure", "pk": 9, "fields": {"short": "bP7", "name": "beta-propeller subunit 7"}}, {"model": "app.structure", "pk": 10, "fields": {"short": "thigh", "name": "thigh domain"}}, {"model": "app.structure", "pk": 11, "fields": {"short": "calf1", "name": "calf domain 1"}}, {"model": "app.structure", "pk": 12, "fields": {"short": "calf2", "name": "calf domain 2"}}, {"model": "app.structure", "pk": 13, "fields": {"short": "TMa", "name": "transmembrane"}}, {"model": "app.structure", "pk": 14, "fields": {"short": "cyta", "name": "cytoplasmic tail"}}, {"model": "app.structure", "pk": 15, "fields": {"short": "SPb", "name": "signal peptide"}}, {"model": "app.structure", "pk": 16, "fields": {"short": "PSI", "name": "PSI domain"}}, {"model": "app.structure", "pk": 17, "fields": {"short": "Hyb1", "name": "hybrid domain fragment 1"}}, {"model": "app.structure", "pk": 18, "fields": {"short": "beta-I", "name": "interaction domain beta-I"}}, {"model": "app.structure", "pk": 19, "fields": {"short": "Hyb2", "name": "hybrid domain fragment 2"}}, {"model": "app.structure", "pk": 20, "fields": {"short": "EGF1", "name": "EGF-like module 1"}}, {"model": "app.structure", "pk": 21, "fields": {"short": "EGF2", "name": "EGF-like module 2"}}, {"model": "app.structure", "pk": 22, "fields": {"short": "EGF3", "name": "EGF-like module 3"}}, {"model": "app.structure", "pk": 23, "fields": {"short": "EGF4", "name": "EGF-like module 4"}}, {"model": "app.structure", "pk": 24, "fields": {"short": "bT", "name": "beta-tail domain"}}, {"model": "app.structure", "pk": 25, "fields": {"short": "TMb", "name": "transmembrane"}}, {"model": "app.structure", "pk": 26, "fields": {"short": "cytb", "name": "cytoplasmic tail"}}, {"model": "app.drug", "pk": 1, "fields": {"name": "Eptifibatide", "marketing_name": "Integrilin", "status": "marketed, prescription-only", "drug_type": "cyclic peptide", "administration": "IV", "atc": "B01AC16", "atc_class": "Antithrombotic agent", "drugbank": "DB00063", "launch_year": 1998, "notes": "Cyclic heptapeptide based on the integrin-binding loop sequence of the disintegrin barbourin, found in the venom of the southeastern pygmy rattlesnake (Sistrurus miliarius barbouri). Eptifibatide is an RGD-mimetic, reversively inhibiting platelet adhesion."}}, {"model": "app.drug", "pk": 2, "fields": {"name": "Abciximab", "marketing_name": "ReoPro", "status": "marketed, prescription-only", "drug_type": "monoclonal antibody", "administration": "IV", "atc": "B01AC13", "atc_class": "Antithrombotic agent", "drugbank": "DB00054", "launch_year": 1995, "notes": "A Fab fragment of the chimeric human-murine monoclonal antibody 7E3. Inhibits platelet aggregation by preventing the binding of fibrinogen, von Willebrand factor, and other adhesive molecules to integrin \u03b1IIb/\u03b23. It also binds to integrin \u03b1v/\u03b23 found on platelets and vessel wall endothelial and smooth muscle cells."}}, {"model": "app.drug", "pk": 3, "fields": {"name": "Tirofiban", "marketing_name": "Aggrastat", "status": "marketed, prescription-only", "drug_type": "small molecule", "administration": "IV", "atc": "B01AC17", "atc_class": "Antithrombotic agent", "drugbank": "DB00775", "launch_year": 2000, "notes": "Synthetic, non-peptide inhibitor. Developed from a lead compound discovered in focused screening of small molecule replacements of the key RGD subunit of fibrinogen. Tirofiban is the first drug candidate whose origins can be traced to a pharmacophore-based virtual screening lead."}}, {"model": "app.drug", "pk": 4, "fields": {"name": "Efalizumab", "marketing_name": "Raptiva", "status": "withdrawn (2009)", "drug_type": "monoclonal antibody", "administration": "subcutaneous injection", "atc": "L04AA21", "atc_class": "Immunosuppressant", "drugbank": "DB00095", "launch_year": 2003, "notes": "Recombinant humanized monoclonal antibody that binds to the alpha subunit of integrin alpha-L/beta-2. Acts as an immunosuppressant by inhibiting lymphocyte activation and cell migration out of blood vessels into tissues. Efalizumab was associated with fatal brain infections and was withdrawn from the market."}}, {"model": "app.drug", "pk": 5, "fields": {"name": "Natalizumab", "marketing_name": "Tysabri", "status": "marketed, prescription-only", "drug_type": "monoclonal antibody", "administration": "IV", "atc": "L04AA23", "atc_class": "Immunosuppressant", "drugbank": "DB00108", "launch_year": 2004, "notes": "Humanized monoclonal antibody used in the treatment of multiple sclerosis and Crohn's disease. Natalizumab was previously named Antegren. Works by reducing the ability of inflammatory immune cells to attach to and pass through the cell layers lining the intestines and blood\u2013brain barrier."}}, {"model": "app.drug", "pk": 6, "fields": {"name": "Vedolizumab", "marketing_name": "Entyvio", "status": "marketed, prescription-only", "drug_type": "monoclonal antibody", "administration": "IV", "atc": "L04AA33", "atc_class": "Immunosuppressant", "drugbank": "DB09033", "launch_year": 2014, "notes": "Humanized monoclonal antibody used in the treatment of ulcerative colitis and Crohn's disease. Has gut-selective anti-inflammatory activity, but also showed efficacy in SIV treatment and consequently has promise in HIV treatment in combination with antiretroviral therapy."}}, {"model": "app.dimertodrug", "pk": 1, "fields": {"dimer": 23, "drug": 1}}, {"model": "app.dimertodrug", "pk": 2, "fields": {"dimer": 23, "drug": 2}}, {"model": "app.dimertodrug", "pk": 3, "fields": {"dimer": 21, "drug": 2}}, {"model": "app.dimertodrug", "pk": 4, "fields": {"dimer": 23, "drug": 3}}, {"model": "app.dimertodrug", "pk": 5, "fields": {"dimer": 16, "drug": 4}}, {"model": "app.dimertodrug", "pk": 6, "fields": {"dimer": 4, "drug": 5}}, {"model": "app.dimertodrug", "pk": 7, "fields": {"dimer": 5, "drug": 5}}, {"model": "app.dimertodrug", "pk": 8, "fields": {"dimer": 5, "drug": 6}}, {"model": "auth.permission", "pk": 1, "fields": {"name": "Can add log entry", "content_type": 1, "codename": "add_logentry"}}, {"model": "auth.permission", "pk": 2, "fields": {"name": "Can change log entry", "content_type": 1, "codename": "change_logentry"}}, {"model": "auth.permission", "pk": 3, "fields": {"name": "Can delete log entry", "content_type": 1, "codename": "delete_logentry"}}, {"model": "auth.permission", "pk": 4, "fields": {"name": "Can add group", "content_type": 2, "codename": "add_group"}}, {"model": "auth.permission", "pk": 5, "fields": {"name": "Can change group", "content_type": 2, "codename": "change_group"}}, {"model": "auth.permission", "pk": 6, "fields": {"name": "Can delete group", "content_type": 2, "codename": "delete_group"}}, {"model": "auth.permission", "pk": 7, "fields": {"name": "Can add user", "content_type": 3, "codename": "add_user"}}, {"model": "auth.permission", "pk": 8, "fields": {"name": "Can change user", "content_type": 3, "codename": "change_user"}}, {"model": "auth.permission", "pk": 9, "fields": {"name": "Can delete user", "content_type": 3, "codename": "delete_user"}}, {"model": "auth.permission", "pk": 10, "fields": {"name": "Can add permission", "content_type": 4, "codename": "add_permission"}}, {"model": "auth.permission", "pk": 11, "fields": {"name": "Can change permission", "content_type": 4, "codename": "change_permission"}}, {"model": "auth.permission", "pk": 12, "fields": {"name": "Can delete permission", "content_type": 4, "codename": "delete_permission"}}, {"model": "auth.permission", "pk": 13, "fields": {"name": "Can add content type", "content_type": 5, "codename": "add_contenttype"}}, {"model": "auth.permission", "pk": 14, "fields": {"name": "Can change content type", "content_type": 5, "codename": "change_contenttype"}}, {"model": "auth.permission", "pk": 15, "fields": {"name": "Can delete content type", "content_type": 5, "codename": "delete_contenttype"}}, {"model": "auth.permission", "pk": 16, "fields": {"name": "Can add session", "content_type": 6, "codename": "add_session"}}, {"model": "auth.permission", "pk": 17, "fields": {"name": "Can change session", "content_type": 6, "codename": "change_session"}}, {"model": "auth.permission", "pk": 18, "fields": {"name": "Can delete session", "content_type": 6, "codename": "delete_session"}}, {"model": "auth.permission", "pk": 19, "fields": {"name": "Can add dimer to drug", "content_type": 7, "codename": "add_dimertodrug"}}, {"model": "auth.permission", "pk": 20, "fields": {"name": "Can change dimer to drug", "content_type": 7, "codename": "change_dimertodrug"}}, {"model": "auth.permission", "pk": 21, "fields": {"name": "Can delete dimer to drug", "content_type": 7, "codename": "delete_dimertodrug"}}, {"model": "auth.permission", "pk": 22, "fields": {"name": "Can add pdb to protein", "content_type": 8, "codename": "add_pdbtoprotein"}}, {"model": "auth.permission", "pk": 23, "fields": {"name": "Can change pdb to protein", "content_type": 8, "codename": "change_pdbtoprotein"}}, {"model": "auth.permission", "pk": 24, "fields": {"name": "Can delete pdb to protein", "content_type": 8, "codename": "delete_pdbtoprotein"}}, {"model": "auth.permission", "pk": 25, "fields": {"name": "Can add dimer", "content_type": 9, "codename": "add_dimer"}}, {"model": "auth.permission", "pk": 26, "fields": {"name": "Can change dimer", "content_type": 9, "codename": "change_dimer"}}, {"model": "auth.permission", "pk": 27, "fields": {"name": "Can delete dimer", "content_type": 9, "codename": "delete_dimer"}}, {"model": "auth.permission", "pk": 28, "fields": {"name": "Can add protein", "content_type": 10, "codename": "add_protein"}}, {"model": "auth.permission", "pk": 29, "fields": {"name": "Can change protein", "content_type": 10, "codename": "change_protein"}}, {"model": "auth.permission", "pk": 30, "fields": {"name": "Can delete protein", "content_type": 10, "codename": "delete_protein"}}, {"model": "auth.permission", "pk": 31, "fields": {"name": "Can add structure", "content_type": 11, "codename": "add_structure"}}, {"model": "auth.permission", "pk": 32, "fields": {"name": "Can change structure", "content_type": 11, "codename": "change_structure"}}, {"model": "auth.permission", "pk": 33, "fields": {"name": "Can delete structure", "content_type": 11, "codename": "delete_structure"}}, {"model": "auth.permission", "pk": 34, "fields": {"name": "Can add dimer to protein interactor", "content_type": 12, "codename": "add_dimertoproteininteractor"}}, {"model": "auth.permission", "pk": 35, "fields": {"name": "Can change dimer to protein interactor", "content_type": 12, "codename": "change_dimertoproteininteractor"}}, {"model": "auth.permission", "pk": 36, "fields": {"name": "Can delete dimer to protein interactor", "content_type": 12, "codename": "delete_dimertoproteininteractor"}}, {"model": "auth.permission", "pk": 37, "fields": {"name": "Can add alternative name", "content_type": 13, "codename": "add_alternativename"}}, {"model": "auth.permission", "pk": 38, "fields": {"name": "Can change alternative name", "content_type": 13, "codename": "change_alternativename"}}, {"model": "auth.permission", "pk": 39, "fields": {"name": "Can delete alternative name", "content_type": 13, "codename": "delete_alternativename"}}, {"model": "auth.permission", "pk": 40, "fields": {"name": "Can add pdb", "content_type": 14, "codename": "add_pdb"}}, {"model": "auth.permission", "pk": 41, "fields": {"name": "Can change pdb", "content_type": 14, "codename": "change_pdb"}}, {"model": "auth.permission", "pk": 42, "fields": {"name": "Can delete pdb", "content_type": 14, "codename": "delete_pdb"}}, {"model": "auth.permission", "pk": 43, "fields": {"name": "Can add protein interactor", "content_type": 15, "codename": "add_proteininteractor"}}, {"model": "auth.permission", "pk": 44, "fields": {"name": "Can change protein interactor", "content_type": 15, "codename": "change_proteininteractor"}}, {"model": "auth.permission", "pk": 45, "fields": {"name": "Can delete protein interactor", "content_type": 15, "codename": "delete_proteininteractor"}}, {"model": "auth.permission", "pk": 46, "fields": {"name": "Can add monomer", "content_type": 16, "codename": "add_monomer"}}, {"model": "auth.permission", "pk": 47, "fields": {"name": "Can change monomer", "content_type": 16, "codename": "change_monomer"}}, {"model": "auth.permission", "pk": 48, "fields": {"name": "Can delete monomer", "content_type": 16, "codename": "delete_monomer"}}, {"model": "auth.permission", "pk": 49, "fields": {"name": "Can add monomer to structure", "content_type": 17, "codename": "add_monomertostructure"}}, {"model": "auth.permission", "pk": 50, "fields": {"name": "Can change monomer to structure", "content_type": 17, "codename": "change_monomertostructure"}}, {"model": "auth.permission", "pk": 51, "fields": {"name": "Can delete monomer to structure", "content_type": 17, "codename": "delete_monomertostructure"}}, {"model": "auth.permission", "pk": 52, "fields": {"name": "Can add drug", "content_type": 18, "codename": "add_drug"}}, {"model": "auth.permission", "pk": 53, "fields": {"name": "Can change drug", "content_type": 18, "codename": "change_drug"}}, {"model": "auth.permission", "pk": 54, "fields": {"name": "Can delete drug", "content_type": 18, "codename": "delete_drug"}}]